link,title,duration,soap,date,category,parentid,part,total,channel
"=HYPERLINK(""https://youtu.be/W1XVGPRsftI"", ""Link"")",Time and Tide,07:56,AMC,01/01/2010,A,,1,1,amcthroughtheyears
"=HYPERLINK(""https://youtu.be/DLoXVIBR1oU"", ""Link"")",Annie Grows More Insecure,07:38,AMC,01/01/2010,A,,1,1,jackieo1600
"=HYPERLINK(""https://youtu.be/GPTed4CqH3w"", ""Link"")",Mona's Funeral,10:28,AMC,01/01/2010,A,P_2c1d0f74,1,6,ackgh73994
"=HYPERLINK(""https://youtu.be/yx32o9XBjxo"", ""Link"")",Mona's Funeral,07:34,AMC,01/01/2010,A,P_2c1d0f74,2,6,ackgh73994
"=HYPERLINK(""https://youtu.be/YaVbiahXoAA"", ""Link"")",Mona's Funeral,10:32,AMC,01/01/2010,A,P_2c1d0f74,3,6,ackgh73994
"=HYPERLINK(""https://youtu.be/tW7-qGByUh4"", ""Link"")",Mona's Funeral,8:16,AMC,01/01/2010,A,P_2c1d0f74,4,6,ackgh73994
"=HYPERLINK(""https://youtu.be/2QGwuSmHNb8"", ""Link"")",Mona's Funeral,09:50,AMC,01/01/2010,A,P_2c1d0f74,5,6,ackgh73994
"=HYPERLINK(""https://youtu.be/IGAGeUWyPJA"", ""Link"")",Mona's Funeral,08:03,AMC,01/01/2010,A,P_2c1d0f74,6,6,ackgh73994
"=HYPERLINK(""https://youtu.be/BuWaYxd5MVI"", ""Link"")",Brooke and Adam - Reunion,21:46,AMC,01/01/2010,A,P_65eae92c,1,6,amcthroughtheyears
"=HYPERLINK(""https://youtu.be/fXCEmlQdu4Y"", ""Link"")",Brooke and Adam - Reunion,01:02:44,AMC,01/01/2010,A,P_65eae92c,2,6,amcthroughtheyears
"=HYPERLINK(""https://youtu.be/Cu04iZ7zRBE"", ""Link"")",Brooke and Adam - Reunion,50:08,AMC,01/01/2010,A,P_65eae92c,3,6,amcthroughtheyears
"=HYPERLINK(""https://youtu.be/siSZAFYRXNg"", ""Link"")",Brooke and Adam - Reunion,56:22,AMC,01/01/2010,A,P_65eae92c,4,6,amcthroughtheyears
"=HYPERLINK(""https://youtu.be/z7So4HiCN0E"", ""Link"")",Brooke and Adam - Reunion,54:15,AMC,01/01/2010,A,P_65eae92c,5,6,amcthroughtheyears
"=HYPERLINK(""https://youtu.be/Q2TjryPQptE"", ""Link"")",Brooke and Adam - Reunion,52:10,AMC,01/01/2010,A,P_65eae92c,6,6,amcthroughtheyears
"=HYPERLINK(""https://youtu.be/okaNvYMuZ_I"", ""Link"")",Brooke and Adam - Reunion,52:10,AMC,01/01/2010,A,P_65eae92c,7,7,amcthroughtheyears
"=HYPERLINK(""https://youtu.be/JKrnLxbS5nE"", ""Link"")",40th Anniversary,9:47,AMC,01/05/2010,A,P_9cb88c10,1,4,ackgh73994
"=HYPERLINK(""https://youtu.be/0F5sayS4Peg"", ""Link"")",40th Anniversary,07:56,AMC,01/05/2010,A,P_9cb88c10,2,4,ackgh73994
"=HYPERLINK(""https://youtu.be/dJXe86Y9BjE"", ""Link"")",40th Anniversary,09:59,AMC,01/05/2010,A,P_9cb88c10,3,4,ackgh73994
"=HYPERLINK(""https://youtu.be/jHgFIBvoN0k"", ""Link"")",40th Anniversary,8:58,AMC,01/05/2010,A,P_9cb88c10,4,4,ackgh73994
"=HYPERLINK(""https://youtu.be/R5SVZRtm2mQ"", ""Link"")",Tribute to James Mitchell,04:37,AMC,01/22/2010,A,,1,1,ackgh73994
"=HYPERLINK(""https://youtu.be/UnEID-dRIZg"", ""Link"")",David and Erica,08:06,AMC,02/18/2010,A,,1,1,davidericaamc
"=HYPERLINK(""https://youtu.be/Yw04LfV7aug"", ""Link"")",David and Erica,9:22,AMC,02/19/2010,A,,1,1,davidericaamc
"=HYPERLINK(""https://youtu.be/hqbQPXZuxdc"", ""Link"")",Brooke English Returns,00:29,AMC,02/23/2010,A,,1,1,ackgh73994
"=HYPERLINK(""https://youtu.be/S-5nZT5arMM"", ""Link"")",Brooke Reunites with the Chandlers,10:57,AMC,02/24/2010,A,,1,1,ackgh73994
"=HYPERLINK(""https://youtu.be/mal1ZMtgz7g"", ""Link"")",Brooke is Given her Tempo Job Back,04:02,AMC,02/25/2010,A,,1,1,ackgh73994
"=HYPERLINK(""https://youtu.be/ZrbM2cwLSZc"", ""Link"")",Annie Pitches an Idea to Brooke,3:22,AMC,02/26/2010,A,,1,1,ackgh73994
"=HYPERLINK(""https://youtu.be/Zr6Ep7WWZxo"", ""Link"")",Brooke and Adam Remember Laura and Stuart,6:43,AMC,03/01/2010,A,,1,1,ackgh73994
"=HYPERLINK(""https://youtu.be/NcCRnnOnrJk"", ""Link"")",Brooke Creates a Website for JR,07:35,AMC,03/03/2010,A,,1,1,ackgh73994
"=HYPERLINK(""https://youtu.be/HzVh4l4k8vs"", ""Link"")",Brooke and Tad Remember Laura and Dixie,08:02,AMC,03/04/2010,A,,1,1,ackgh73994
"=HYPERLINK(""https://youtu.be/ST5EZlkfhBI"", ""Link"")",JR Visits Heaven,06:36,AMC,03/04/2010,A,P_05b88151,1,2,ackgh73994
"=HYPERLINK(""https://youtu.be/wVTDuWQ-y9g"", ""Link"")",JR Visits Heaven,08:17,AMC,03/04/2010,A,P_05b88151,2,2,ackgh73994
"=HYPERLINK(""https://youtu.be/l4Wy5qfKrsg"", ""Link"")",Brooke Moves into the Chandler Mansion,03:36,AMC,03/05/2010,A,,1,1,ackgh73994
"=HYPERLINK(""https://youtu.be/ARTW3W-xfKs"", ""Link"")",David and Erica,5:42,AMC,03/05/2010,A,,1,1,davidericaamc
"=HYPERLINK(""https://youtu.be/sSQRpWaNW1g"", ""Link"")",Brooke Learns that Adam is Sick,06:58,AMC,03/08/2010,A,,1,1,ackgh73994
"=HYPERLINK(""https://youtu.be/WIXAKtPsp3o"", ""Link"")",David and Erica,10:16,AMC,03/08/2010,A,,1,1,davidericaamc
"=HYPERLINK(""https://youtu.be/NurvPr6aTUo"", ""Link"")",Brooke Learns that Annie is JR's Donor,5:48,AMC,03/09/2010,A,,1,1,ackgh73994
"=HYPERLINK(""https://youtu.be/yI8ungcge0c"", ""Link"")",Brooke Comforts Annie,09:27,AMC,03/10/2010,A,,1,1,ackgh73994
"=HYPERLINK(""https://youtu.be/1kE6tFolvgs"", ""Link"")",Dixie's Ghost Visits with Tad,5:12,AMC,03/11/2010,A,,1,1,ackgh73994
"=HYPERLINK(""https://youtu.be/9vIqcyvVvu8"", ""Link"")",Brooke and Angie Worry About Adam,05:06,AMC,03/11/2010,A,,1,1,ackgh73994
"=HYPERLINK(""https://youtu.be/GDCi1rymdMw"", ""Link"")",Hillary is Damon's Mother,7:28,AMC,03/12/2010,A,,1,1,ackgh73994
"=HYPERLINK(""https://youtu.be/gb8XlfwH7vM"", ""Link"")",Brooke Visits JR,9:35,AMC,03/12/2010,A,,1,1,ackgh73994
"=HYPERLINK(""https://youtu.be/AEqyEE98bWk"", ""Link"")",Brooke Moves Back into the Mansion,02:36,AMC,03/15/2010,A,,1,1,ackgh73994
"=HYPERLINK(""https://youtu.be/o3y4P-E7DoY"", ""Link"")",Brooke Has Breakfast with the Chandlers,4:57,AMC,03/18/2010,A,,1,1,ackgh73994
"=HYPERLINK(""https://youtu.be/Ba-3kyeCkNo"", ""Link"")",Brooke and Adam Find Annie,04:00,AMC,03/19/2010,A,,1,1,ackgh73994
"=HYPERLINK(""https://youtu.be/TefGMUbzahI"", ""Link"")",Brooke Tells Annie to Fight for Adam,6:23,AMC,03/22/2010,A,,1,1,ackgh73994
"=HYPERLINK(""https://youtu.be/wPkSuoEob-Q"", ""Link"")",Adam Thanks Brooke,04:56,AMC,03/24/2010,A,,1,1,ackgh73994
"=HYPERLINK(""https://youtu.be/7S2CNCIsdOA"", ""Link"")",Brooke Arranges a Party for JR,04:10,AMC,03/25/2010,A,,1,1,ackgh73994
"=HYPERLINK(""https://youtu.be/JF-m8PYxtsE"", ""Link"")",Brooke Interviews the Chandlers,10:20,AMC,03/26/2010,A,,1,1,ackgh73994
"=HYPERLINK(""https://youtu.be/gnDIIbwbq-k"", ""Link"")",Palmer Died,01:07,AMC,04/19/2010,A,,1,1,ackgh73994
"=HYPERLINK(""https://youtu.be/ybkF6UKI-WE"", ""Link"")",Palmer's Funeral,09:09,AMC,04/20/2010,A,P_6c801c8d,1,4,ackgh73994
"=HYPERLINK(""https://youtu.be/00j6wOltnh8"", ""Link"")",Palmer's Funeral,9:17,AMC,04/20/2010,A,P_6c801c8d,2,4,ackgh73994
"=HYPERLINK(""https://youtu.be/zcozVne8HY0"", ""Link"")",Palmer's Funeral,10:45,AMC,04/20/2010,A,P_6c801c8d,3,4,ackgh73994
"=HYPERLINK(""https://youtu.be/qOSeXl3TVKA"", ""Link"")",Palmer's Funeral,07:40,AMC,04/20/2010,A,P_6c801c8d,4,4,ackgh73994
"=HYPERLINK(""https://youtu.be/Nqzt1mpw0Mc"", ""Link"")",Opal Finds Out Damon is Tad's Son,01:27,AMC,04/29/2010,A,,1,1,ackgh73994
"=HYPERLINK(""https://youtu.be/NQvgWerEIRU"", ""Link"")",Opal's Regrets,03:24,AMC,04/29/2010,A,,1,1,ackgh73994
"=HYPERLINK(""https://youtu.be/24vYxGdZTGk"", ""Link"")",Opal Without Palmer,4:08,AMC,05/14/2010,A,,1,1,ackgh73994
"=HYPERLINK(""https://youtu.be/E_wqjIIBBZc"", ""Link"")",Erica is Invited to Pigeon Hollow,03:06,AMC,05/20/2010,A,,1,1,ackgh73994
"=HYPERLINK(""https://youtu.be/AOwuHmTtqz0"", ""Link"")",Erica Reads Palmer's Letter,09:49,AMC,05/21/2010,A,,1,1,ackgh73994
"=HYPERLINK(""https://youtu.be/uS2mx_AFnIQ"", ""Link"")",Finn Wittrock Shirtless on All My Children,2:37,AMC,6/1/2010,A,,1,1,theystartedonsoaps
"=HYPERLINK(""https://youtu.be/QfdTJzz1EfQ"", ""Link"")",Ruth Martin Returns,5:53,AMC,06/07/2010,A,,1,1,ackgh73994
"=HYPERLINK(""https://youtu.be/IUZJIx8VqrM"", ""Link"")",Bianca AMC,07:41,AMC,06/18/2010,A,P_65995054,01,12,amcsoapfan2004
"=HYPERLINK(""https://youtu.be/gChHy0GJIWk"", ""Link"")",Bianca AMC,8:58,AMC,06/18/2010,A,P_65995054,02,12,amcsoapfan2004
"=HYPERLINK(""https://youtu.be/3pUzQQeWLyE"", ""Link"")",Bianca AMC,8:12,AMC,06/18/2010,A,P_65995054,03,12,amcsoapfan2004
"=HYPERLINK(""https://youtu.be/C2CziL3lnuo"", ""Link"")",Bianca AMC,9:48,AMC,06/18/2010,A,P_65995054,04,12,amcsoapfan2004
"=HYPERLINK(""https://youtu.be/ekbxjaHayq0"", ""Link"")",Bianca AMC,09:01,AMC,06/18/2010,A,P_65995054,05,12,amcsoapfan2004
"=HYPERLINK(""https://youtu.be/mAsW4uUNfPI"", ""Link"")",Bianca AMC,05:53,AMC,06/18/2010,A,P_65995054,06,12,amcsoapfan2004
"=HYPERLINK(""https://youtu.be/QjMNkOp8oJU"", ""Link"")",Bianca AMC,6:07,AMC,06/18/2010,A,P_65995054,07,12,amcsoapfan2004
"=HYPERLINK(""https://youtu.be/-QcK3Tv3wAw"", ""Link"")",Bianca AMC,4:26,AMC,06/18/2010,A,P_65995054,08,12,amcsoapfan2004
"=HYPERLINK(""https://youtu.be/ToPXbZfBGuc"", ""Link"")",Bianca AMC,09:11,AMC,06/18/2010,A,P_65995054,09,12,amcsoapfan2004
"=HYPERLINK(""https://youtu.be/7c6ewOo-GyE"", ""Link"")",Bianca AMC,08:17,AMC,06/18/2010,A,P_65995054,10,12,amcsoapfan2004
"=HYPERLINK(""https://youtu.be/sP5Je1qbvQQ"", ""Link"")",Bianca AMC,05:13,AMC,06/18/2010,A,P_65995054,11,12,amcsoapfan2004
"=HYPERLINK(""https://youtu.be/WQchDjD6ZaA"", ""Link"")",Bianca AMC,09:54,AMC,06/18/2010,A,P_65995054,12,12,amcsoapfan2004
"=HYPERLINK(""https://youtu.be/YRqWYWLkHnE"", ""Link"")",Pictures of You - Cast Mvid,3:08,AMC,06/26/2010,A,,1,1,ackgh73994
"=HYPERLINK(""https://youtu.be/Iv1VAgFdC68"", ""Link"")",Tribute to Larry Keith,03:53,AMC,07/17/2010,A,,1,1,ackgh73994
"=HYPERLINK(""https://youtu.be/qmDgi6izOy8"", ""Link"")",Bianca AMC,05:59,AMC,08/12/2010,A,,1,1,amcsoapfan2004
"=HYPERLINK(""https://youtu.be/FxjXqsg-PXw"", ""Link"")",Zach returns to Pine Valley,08:56,AMC,10/22/2010,A,,1,1,divaromas2006
"=HYPERLINK(""https://youtu.be/wYDEq3tsPOo"", ""Link"")",Team Slater together again.wmv,07:30,AMC,10/25/2010,A,,1,1,divaromas2006
"=HYPERLINK(""https://youtu.be/tpDvxsnJvR4"", ""Link"")",Team Slater Halloween,09:08,AMC,10/29/2010,A,,1,1,divaromas2006
"=HYPERLINK(""https://youtu.be/YQIMfNHWpoc"", ""Link"")",Zendall: Let's make some new memories,07:54,AMC,11/01/2010,A,,1,1,divaromas2006
"=HYPERLINK(""https://youtu.be/Iwez0kdb9zk"", ""Link"")",Zendall: A secret is revealed,08:31,AMC,11/04/2010,A,,1,1,divaromas2006
"=HYPERLINK(""https://youtu.be/Ag7pdy4g8i8"", ""Link"")","Zendall: We are still connected for life...Always, Only You",8:57,AMC,11/05/2010,A,,1,1,divaromas2006
"=HYPERLINK(""https://youtu.be/CEZ3pEuzZE8"", ""Link"")",Zendall: Big plans for Thanksgiving,09:12,AMC,11/09/2010,A,,1,1,divaromas2006
"=HYPERLINK(""https://youtu.be/5haHAwBGmnE"", ""Link"")",Zendall: Conflict to Resolution,9:51,AMC,11/10/2010,A,,1,1,divaromas2006
"=HYPERLINK(""https://youtu.be/BTRKZxKBr2g"", ""Link"")",Zendall: The Story of Us,14:13,AMC,11/11/2010,A,,1,1,divaromas2006
"=HYPERLINK(""https://youtu.be/laIJEUcmIXw"", ""Link"")",Zendall: Goodbye Zach......hope it's not Forever,08:42,AMC,11/12/2010,A,,1,1,divaromas2006
"=HYPERLINK(""https://youtu.be/Fph9XgwrX6M"", ""Link"")","Kendall: I want you Zach... Always, Only You",14:42,AMC,11/15/2010,A,,1,1,divaromas2006
"=HYPERLINK(""https://youtu.be/Tx-F8LWtSgg"", ""Link"")","Zendall: No end, no limit, no fear.....forever.",5:10,AMC,11/19/2010,A,,1,1,divaromas2006
"=HYPERLINK(""https://youtu.be/r1JTxq6j6r0"", ""Link"")",Kendall learns that Zach is gone,15:07,AMC,11/22/2010,A,,1,1,divaromas2006
"=HYPERLINK(""https://youtu.be/ykA1dQ4t2_Q"", ""Link"")",Kendall lashes out at David in court,6:10,AMC,11/23/2010,A,,1,1,divaromas2006
"=HYPERLINK(""https://youtu.be/0Gah9v2vt7Q"", ""Link"")",Part2,07:25,AMC,11/24/2010,A,,1,1,divaromas2006
"=HYPERLINK(""https://youtu.be/tBLVHC7ZIQA"", ""Link"")",Kendall wants to be alone to grieve for Zach -,11:47,AMC,11/24/2010,A,,1,1,divaromas2006
"=HYPERLINK(""https://youtu.be/4itAmae8fsY"", ""Link"")",Everyone attends Spike's Thanksgiving Pageant,14:13,AMC,11/29/2010,A,,1,1,divaromas2006
"=HYPERLINK(""https://youtu.be/qBOf5XQtufQ"", ""Link"")",Kendall is worried  about Erica,05:21,AMC,12/01/2010,A,,1,1,divaromas2006
"=HYPERLINK(""https://youtu.be/yFnbPJZLLV0"", ""Link"")",Zendall: Farewell But Not Goodbye,08:31,AMC,12/02/2010,A,P_7761713f,1,2,divaromas2006
"=HYPERLINK(""https://youtu.be/etTBo8O67sY"", ""Link"")",Zendall: Farewell But Not Goodbye,9:37,AMC,12/02/2010,A,P_7761713f,2,2,divaromas2006
"=HYPERLINK(""https://youtu.be/Z3LL9gz3v4E"", ""Link"")",Kendall Continues to Deal with Losing Zach,11:41,AMC,12/06/2010,A,,1,1,divaromas2006
"=HYPERLINK(""https://youtu.be/a-c8Dtn9Ag0"", ""Link"")",Kendall Meets Rev. Ricky Torres.,11:45,AMC,12/07/2010,A,,1,1,divaromas2006
"=HYPERLINK(""https://youtu.be/Vrywqs0p1w4"", ""Link"")",Kendall's Eulogy,4:07,AMC,12/08/2010,A,,1,1,divaromas2006
"=HYPERLINK(""https://youtu.be/_hEDhfjUVNk"", ""Link"")",Zach's Funeral,13:42,AMC,12/08/2010,A,P_678106bf,1,3,ackgh73994
"=HYPERLINK(""https://youtu.be/pdWrNYs_EVM"", ""Link"")",Zach's Funeral,13:27,AMC,12/08/2010,A,P_678106bf,2,3,ackgh73994
"=HYPERLINK(""https://youtu.be/sQfMftp2aa4"", ""Link"")",Zach's Funeral,4:49,AMC,12/08/2010,A,P_678106bf,3,3,ackgh73994
"=HYPERLINK(""https://youtu.be/dO-B5o0v2t4"", ""Link"")",Zach's Memorial,15:18,AMC,12/08/2010,A,P_6ba22d7c,1,2,divaromas2006
"=HYPERLINK(""https://youtu.be/rDKIwCW-Jwo"", ""Link"")",Zach's Memorial,15:13,AMC,12/08/2010,A,P_6ba22d7c,2,2,divaromas2006
"=HYPERLINK(""https://youtu.be/m04bgYdXodA"", ""Link"")",Kendall Tells Greenlee That  She Wants Her Out of Her Life,12:52,AMC,12/10/2010,A,,1,1,divaromas2006
"=HYPERLINK(""https://youtu.be/l-R-J2y7rvI"", ""Link"")",Caleb promises to Protect Both Kendall and Erica,09:15,AMC,12/13/2010,A,,1,1,divaromas2006
"=HYPERLINK(""https://youtu.be/h6fxW_cS-zw"", ""Link"")",Kendall tries to get back to normal,10:21,AMC,12/14/2010,A,,1,1,divaromas2006
"=HYPERLINK(""https://youtu.be/jlotdQ4fPIY"", ""Link"")",Kendall does not want Greenlee and Ryan to join her at Christmas,08:00,AMC,12/16/2010,A,,1,1,divaromas2006
"=HYPERLINK(""https://youtu.be/xekuXBlAU1M"", ""Link"")",Kendall struggles to get her life back on track without Zach,10:57,AMC,12/17/2010,A,,1,1,divaromas2006
"=HYPERLINK(""https://youtu.be/i8vLYmT9lCI"", ""Link"")",Madison tells Kendall that She Plans to Leave Pine Valley,11:47,AMC,12/20/2010,A,,1,1,divaromas2006
"=HYPERLINK(""https://youtu.be/WSTQFLspQxA"", ""Link"")",Kendall Worries About the Charges Against Erica,07:15,AMC,12/21/2010,A,,1,1,divaromas2006
"=HYPERLINK(""https://youtu.be/f_lIsnkvZ2Y"", ""Link"")",Kendall feels More and More Lost without Zach,13:27,AMC,12/22/2010,A,,1,1,divaromas2006
"=HYPERLINK(""https://youtu.be/aUse4aPiyGg"", ""Link"")",Kendall Gains Strength from a Dream to Celebrate Christmas,11:16,AMC,12/27/2010,A,,1,1,divaromas2006
"=HYPERLINK(""https://youtu.be/dr0U8abKYGQ"", ""Link"")",Father Clarence Visits Kendall and Erica,15:16,AMC,12/28/2010,A,,1,1,divaromas2006
"=HYPERLINK(""https://youtu.be/T8JtR_MSnxw"", ""Link"")",2011 - Promos,02:56,AMC,01/01/2011,B,,1,1,amcthroughtheyears
"=HYPERLINK(""https://youtu.be/__yTacxfEVw"", ""Link"")",Farewell...,15:00,AMC,01/01/2011,A,,1,1,amcthroughtheyears
"=HYPERLINK(""https://youtu.be/mUu1HGGrnxA"", ""Link"")",Chandler Day,13:11,AMC,01/01/2011,A,,1,1,amcthroughtheyears
"=HYPERLINK(""https://youtu.be/7dwOq20Xl4g"", ""Link"")",Adam and Brooke return to Chandler Mansion,11:20,AMC,01/01/2011,A,,1,1,amcthroughtheyears
"=HYPERLINK(""https://youtu.be/oSP3iCOPV28"", ""Link"")",The Kane and Martin Family Day Montages,9:35,AMC,01/01/2011,A,,1,1,amcthroughtheyears
"=HYPERLINK(""https://youtu.be/X2iKg7JAx24"", ""Link"")",Hubbard Day,14:31,AMC,01/01/2011,A,,1,1,amcthroughtheyears
"=HYPERLINK(""https://youtu.be/f7esxmGnQho"", ""Link"")",Brooke and Erica Duke it Out One More Time,07:48,AMC,01/01/2011,A,,1,1,amcthroughtheyears
"=HYPERLINK(""https://youtu.be/NFXV5bq4cqE"", ""Link"")",Erica Admits to Caleb that Kendall shot David,21:22,AMC,01/03/2011,A,,1,1,divaromas2006
"=HYPERLINK(""https://youtu.be/n5bJNj-xinc"", ""Link"")",Kendall is Hospitalized with Pneumonia,7:06,AMC,01/04/2011,A,,1,1,divaromas2006
"=HYPERLINK(""https://youtu.be/XJgBIhCcibY"", ""Link"")",Kendall Wants To Go Home to Her Boys,13:55,AMC,01/05/2011,A,,1,1,divaromas2006
"=HYPERLINK(""https://youtu.be/tNgYAEene2w"", ""Link"")",Kendall is Haunted by David,6:55,AMC,01/06/2011,A,,1,1,divaromas2006
"=HYPERLINK(""https://youtu.be/aoPgbspunxc"", ""Link"")",Kendall Can't get David Out of Her Head,7:52,AMC,01/07/2011,A,,1,1,divaromas2006
"=HYPERLINK(""https://youtu.be/60-LFSGAEEU"", ""Link"")",Kendall is Given Zach's Will,08:27,AMC,01/10/2011,A,,1,1,divaromas2006
"=HYPERLINK(""https://youtu.be/ZIiafsofv9c"", ""Link"")",Kendall Comes Home to Her Boys,08:00,AMC,01/11/2011,A,,1,1,divaromas2006
"=HYPERLINK(""https://youtu.be/1YkZJNp2u_g"", ""Link"")",Is Zach Alive???,16:06,AMC,01/17/2011,A,,1,1,divaromas2006
"=HYPERLINK(""https://youtu.be/jtVFYAMTID0"", ""Link"")",David Wakes Up,9:59,AMC,01/18/2011,A,,1,1,divaromas2006
"=HYPERLINK(""https://youtu.be/ZTmkrKm7OWk"", ""Link"")",Kendall and Erica Confront David,14:36,AMC,01/20/2011,A,,1,1,divaromas2006
"=HYPERLINK(""https://youtu.be/nvNOrO2_X-M"", ""Link"")","Kendall Slater: The grief doesn't get better, it just changes.",12:26,AMC,01/21/2011,A,,1,1,divaromas2006
"=HYPERLINK(""https://youtu.be/qq97nhyKgeM"", ""Link"")",Kendall Comes Back to Fusion,13:05,AMC,01/28/2011,A,,1,1,divaromas2006
"=HYPERLINK(""https://youtu.be/C1FFLUvFEpo"", ""Link"")",Kendall Can't Get David Out of Her Mind,9:17,AMC,01/31/2011,A,,1,1,divaromas2006
"=HYPERLINK(""https://youtu.be/CXw6ZmKsCOU"", ""Link"")",Kendall Goes To See David in Prison,6:34,AMC,02/01/2011,A,,1,1,divaromas2006
"=HYPERLINK(""https://youtu.be/71UNYUF0Zkk"", ""Link"")",David succeeds in Reviving Kendall -She is Taken to Hospital,11:21,AMC,02/02/2011,A,,1,1,divaromas2006
"=HYPERLINK(""https://youtu.be/1rixrcGQHOw"", ""Link"")",David and Erica,7:00,AMC,02/03/2011,A,,1,1,davidericaamc
"=HYPERLINK(""https://youtu.be/P_CdDvpYGcY"", ""Link"")",Erica Encourages Kendall to Go Ahead With the Surgery,12:03,AMC,02/03/2011,A,,1,1,divaromas2006
"=HYPERLINK(""https://youtu.be/6cyOwTqvRG0"", ""Link"")",Kendall Remembers Shooting David,8:44,AMC,02/04/2011,A,,1,1,divaromas2006
"=HYPERLINK(""https://youtu.be/60kWyHHyJQs"", ""Link"")",Kendall sees Zach,20:51,AMC,02/07/2011,A,,1,1,divaromas2006
"=HYPERLINK(""https://youtu.be/yXV2dk4Agfk"", ""Link"")",Kendall Sees Zach,08:47,AMC,02/08/2011,A,,1,1,divaromas2006
"=HYPERLINK(""https://youtu.be/GGZMSOBlY0g"", ""Link"")",Kendall tells Greenlee and Ryan that they have hers and Zach's blessing,05:58,AMC,02/09/2011,A,,1,1,divaromas2006
"=HYPERLINK(""https://youtu.be/qMeDCSPWnLM"", ""Link"")",Promo,00:31,AMC,02/14/2011,B,,1,1,divaromas2006
"=HYPERLINK(""https://youtu.be/wLJ4lUX5Z_Y"", ""Link"")",Bianca AMC,05:04,AMC,02/16/2011,A,,1,1,amcsoapfan2004
"=HYPERLINK(""https://youtu.be/IXw6v8HYIN0"", ""Link"")",Kendall Finds Casa Slater Broken Into,10:19,AMC,02/17/2011,A,,1,1,divaromas2006
"=HYPERLINK(""https://youtu.be/ZfiOhXsPJZg"", ""Link"")",Bianca AMC,07:34,AMC,02/18/2011,A,,1,1,amcsoapfan2004
"=HYPERLINK(""https://youtu.be/0YBKjfZ32xI"", ""Link"")",Kendall Feels that Zach is Trying to Tell her Something,13:39,AMC,02/18/2011,A,,1,1,divaromas2006
"=HYPERLINK(""https://youtu.be/amfcUHRp2lo"", ""Link"")",Ryan Tells Kendall That a Box was found with Zach's Name,14:44,AMC,02/24/2011,A,,1,1,divaromas2006
"=HYPERLINK(""https://youtu.be/R9IOCe6mF2k"", ""Link"")",Kendall Reads Zach's Letter,15:21,AMC,02/25/2011,A,,1,1,divaromas2006
"=HYPERLINK(""https://youtu.be/_H4KSHQe5Eg"", ""Link"")",Minx AMC,8:51,AMC,02/28/2011,A,,1,1,amcsoapfan2004
"=HYPERLINK(""https://youtu.be/UkzeXX3qvL4"", ""Link"")",Kendall is Confused by Zach's Letter,7:57,AMC,02/28/2011,A,,1,1,divaromas2006
"=HYPERLINK(""https://youtu.be/QNV0CEP4WkM"", ""Link"")",Zach's Letter is Raising Kendall's Suspicions That He Was Murdered,11:50,AMC,03/02/2011,A,,1,1,divaromas2006
"=HYPERLINK(""https://youtu.be/fgvwuTdsB0A"", ""Link"")",Kendall ThinksThat Her Meds are Affecting Her Memory,12:06,AMC,03/03/2011,A,,1,1,divaromas2006
"=HYPERLINK(""https://youtu.be/nj39Qj-i2Tc"", ""Link"")",Minx AMC,7:47,AMC,03/04/2011,A,,1,1,amcsoapfan2004
"=HYPERLINK(""https://youtu.be/0pPxKRjfJw0"", ""Link"")",Kendall DescribesThe Deep Love Connection She and Zach Had,12:44,AMC,03/04/2011,A,,1,1,divaromas2006
"=HYPERLINK(""https://youtu.be/ZpbVN1SHcLk"", ""Link"")",Kendall Beware...Stalkers on the Prowl!,7:09,AMC,03/07/2011,A,,1,1,divaromas2006
"=HYPERLINK(""https://youtu.be/kdj2uUkC6YM"", ""Link"")",Joe - Ruth Martin Return,11:59,AMC,03/08/2011,A,,1,1,ackgh73994
"=HYPERLINK(""https://youtu.be/qoM98mDiUBE"", ""Link"")",Kendall Attends Tad and Cara's Wedding,10:26,AMC,03/08/2011,A,,1,1,divaromas2006
"=HYPERLINK(""https://youtu.be/hLkR4dtgYQ4"", ""Link"")",Kendall Tells Brot About Zach's Letter,11:33,AMC,03/10/2011,A,,1,1,divaromas2006
"=HYPERLINK(""https://youtu.be/NWA0dMXKkek"", ""Link"")",Kendall Learns from Greenlee that Fusion is in Trouble,08:11,AMC,03/11/2011,A,,1,1,divaromas2006
"=HYPERLINK(""https://youtu.be/UWKIWElqnTo"", ""Link"")",Kendall Learns that Madison's Baby is Ryan's,11:03,AMC,03/15/2011,A,,1,1,divaromas2006
"=HYPERLINK(""https://youtu.be/ODqh9cbAj7A"", ""Link"")","Joe Visits Jake, Cara, - Tad",07:51,AMC,03/16/2011,A,,1,1,ackgh73994
"=HYPERLINK(""https://youtu.be/8f4hvEFp1kk"", ""Link"")",Minx AMC,9:49,AMC,03/16/2011,A,,1,1,amcsoapfan2004
"=HYPERLINK(""https://youtu.be/Nc-nMxEe-WM"", ""Link"")","Kendall, Bianca, Marissa....Just Having Fun",09:09,AMC,03/16/2011,A,,1,1,divaromas2006
"=HYPERLINK(""https://youtu.be/78eOzcx5vtE"", ""Link"")",Bianca and Marissa,00:43,AMC,03/16/2011,A,,1,1,divaromas2006
"=HYPERLINK(""https://youtu.be/NI-JQ2ADcik"", ""Link"")",Tad Agrees to Look Into Zach's Shady Casino Partners,10:49,AMC,03/17/2011,A,,1,1,divaromas2006
"=HYPERLINK(""https://youtu.be/p-uHqDikFK4"", ""Link"")",Ricky Makes Kendall Suspicious of Griffen,8:48,AMC,03/18/2011,A,,1,1,divaromas2006
"=HYPERLINK(""https://youtu.be/VmVzI5enT_s"", ""Link"")",Minx AMC,8:01,AMC,03/21/2011,A,,1,1,amcsoapfan2004
"=HYPERLINK(""https://youtu.be/6Ot0Cj4joVc"", ""Link"")",Kendall Wonders Why Griffen Lied To Her,09:37,AMC,03/21/2011,A,,1,1,divaromas2006
"=HYPERLINK(""https://youtu.be/Q-heRA4lhnQ"", ""Link"")",Minx AMC,10:21,AMC,03/23/2011,A,,1,1,amcsoapfan2004
"=HYPERLINK(""https://youtu.be/VvVY9VbT6yk"", ""Link"")","Griffen Lies to Kendall, while Ricky Raises Her Suspicions",10:33,AMC,03/23/2011,A,,1,1,divaromas2006
"=HYPERLINK(""https://youtu.be/UloNccTTqUs"", ""Link"")",Minx AMC,09:45,AMC,03/24/2011,A,,1,1,amcsoapfan2004
"=HYPERLINK(""https://youtu.be/uzGnFAVl3DY"", ""Link"")",Kendall Wonders About Griffen's Beating,11:14,AMC,03/24/2011,A,,1,1,divaromas2006
"=HYPERLINK(""https://youtu.be/TLkeEvk32IA"", ""Link"")",Good Together,6:34,AMC,03/25/2011,A,,1,1,divaromas2006
"=HYPERLINK(""https://youtu.be/tii2zywWDj4"", ""Link"")",Kendall tells Greenlee her Reasons for Bidding on Griffen,13:08,AMC,03/25/2011,A,,1,1,divaromas2006
"=HYPERLINK(""https://youtu.be/gl5GoUG9IsI"", ""Link"")",Kendall and Rev. Ricky Grill for Information,17:55,AMC,03/28/2011,A,,1,1,divaromas2006
"=HYPERLINK(""https://youtu.be/Eum8CKFCU0I"", ""Link"")",Minx AMC,07:19,AMC,03/29/2011,A,,1,1,amcsoapfan2004
"=HYPERLINK(""https://youtu.be/BGkjL6Mad6g"", ""Link"")",Kendall Tells Greenlee How Much she Misses Zach,05:45,AMC,03/31/2011,A,,1,1,divaromas2006
"=HYPERLINK(""https://youtu.be/DdeQK_1QHeY"", ""Link"")",Kendall Presses to Sell Zach's Casinos,10:13,AMC,04/01/2011,A,,1,1,divaromas2006
"=HYPERLINK(""https://youtu.be/NfzlyzWR_Q8"", ""Link"")",Minx AMC,07:38,AMC,04/04/2011,A,,1,1,amcsoapfan2004
"=HYPERLINK(""https://youtu.be/gJSqifMtMcc"", ""Link"")",Scott and Madison Admit They Care for Each Other,5:15,AMC,04/04/2011,A,,1,1,divaromas2006
"=HYPERLINK(""https://youtu.be/0Rm8x6Vpolo"", ""Link"")",Kendall Invites Ricky to Erica's Wedding,10:14,AMC,04/05/2011,A,,1,1,divaromas2006
"=HYPERLINK(""https://youtu.be/wi1w13-y-dA"", ""Link"")",Minx AMC,06:20,AMC,04/06/2011,A,,1,1,amcsoapfan2004
"=HYPERLINK(""https://youtu.be/1BA-hP6TaMg"", ""Link"")",Video Diary for Baby,03:12,AMC,04/06/2011,A,,1,1,divaromas2006
"=HYPERLINK(""https://youtu.be/ufdXcFFl5fc"", ""Link"")",Kendall is Suspicious of Diana,12:34,AMC,04/06/2011,A,,1,1,divaromas2006
"=HYPERLINK(""https://youtu.be/5ExuO-OKLC0"", ""Link"")",Kendall Wants Straight Answers,05:01,AMC,04/07/2011,A,,1,1,divaromas2006
"=HYPERLINK(""https://youtu.be/jwSH61rKN98"", ""Link"")",Kendall is Angry of Being Lied To About Zach's Crash,15:21,AMC,04/08/2011,A,,1,1,divaromas2006
"=HYPERLINK(""https://youtu.be/-u08D66WxbM"", ""Link"")",What Happened to Zach?,15:44,AMC,04/11/2011,A,,1,1,divaromas2006
"=HYPERLINK(""https://youtu.be/z4s3Wen-_CU"", ""Link"")","Kendall, Spike and Ian Enjoy St. Barts",10:41,AMC,04/12/2011,A,,1,1,divaromas2006
"=HYPERLINK(""https://youtu.be/Iv5jbkmQeDU"", ""Link"")",Minx AMC,11:08,AMC,04/13/2011,A,,1,1,amcsoapfan2004
"=HYPERLINK(""https://youtu.be/c0mO0PK2cx8"", ""Link"")",Kendall is Concerned That She Told Jesse About the Drug Theft at PVH,9:09,AMC,04/13/2011,A,,1,1,divaromas2006
"=HYPERLINK(""https://youtu.be/6KkX8OwDS_U"", ""Link"")",Minx AMC,07:10,AMC,04/14/2011,A,,1,1,amcsoapfan2004
"=HYPERLINK(""https://youtu.be/Xz4mWciwt00"", ""Link"")",Erica is Kidnapped,09:06,AMC,04/14/2011,A,,1,1,divaromas2006
"=HYPERLINK(""https://youtu.be/SXM0AmrvQN4"", ""Link"")",Minx AMC,04:08,AMC,04/15/2011,A,,1,1,amcsoapfan2004
"=HYPERLINK(""https://youtu.be/3ZlLXFlqUQY"", ""Link"")",Kendall Fears Erica was Kidnapped by Zach's Casino Partners,9:58,AMC,04/15/2011,A,,1,1,divaromas2006
"=HYPERLINK(""https://youtu.be/F5cYPAgv7Kk"", ""Link"")",Minx AMC,04:44,AMC,04/18/2011,A,,1,1,amcsoapfan2004
"=HYPERLINK(""https://youtu.be/nHBFE-BKH90"", ""Link"")",Kendall Realizes that Ricky is Not Who She Believed Him To Be,9:28,AMC,04/18/2011,A,,1,1,divaromas2006
"=HYPERLINK(""https://youtu.be/YJcdiYEyRJs"", ""Link"")",Minx AMC,06:23,AMC,04/19/2011,A,,1,1,amcsoapfan2004
"=HYPERLINK(""https://youtu.be/2fAx1orTW68"", ""Link"")",Kendall Doesn't Know Who to Trust,10:25,AMC,04/19/2011,A,,1,1,divaromas2006
"=HYPERLINK(""https://youtu.be/YXzN58CoT34"", ""Link"")",Kendall Finds Zach's Letter on the Yacht,12:11,AMC,04/20/2011,A,,1,1,divaromas2006
"=HYPERLINK(""https://youtu.be/A1WMS2zUJIc"", ""Link"")",Kendall Tells Ryan About her Suspicions Regarding Ricky,12:08,AMC,04/21/2011,A,,1,1,divaromas2006
"=HYPERLINK(""https://youtu.be/CEUJS3SZ5iw"", ""Link"")",Kendall and Ryan help Griffen Escape Police Custody,19:14,AMC,04/22/2011,A,,1,1,divaromas2006
"=HYPERLINK(""https://youtu.be/UPHW260G1rI"", ""Link"")",Minx AMC,11:28,AMC,04/25/2011,A,,1,1,amcsoapfan2004
"=HYPERLINK(""https://youtu.be/XuO6XYZmC0k"", ""Link"")",Kendall Wants Justice for Zach,15:30,AMC,04/25/2011,A,,1,1,divaromas2006
"=HYPERLINK(""https://youtu.be/iIxpCBpID0Y"", ""Link"")",Kendall is Determined to Set Up Ricky,18:41,AMC,04/26/2011,A,,1,1,divaromas2006
"=HYPERLINK(""https://youtu.be/fx59yTAQP90"", ""Link"")",Minx AMC,08:40,AMC,04/27/2011,A,,1,1,amcsoapfan2004
"=HYPERLINK(""https://youtu.be/KlZLcudQJkc"", ""Link"")",Kendall Tells Bianca That Zach was Murdered,13:29,AMC,04/28/2011,A,,1,1,divaromas2006
"=HYPERLINK(""https://youtu.be/io-TZytpt8M"", ""Link"")",Kendall Gives Griffen Hell!!!,13:09,AMC,04/29/2011,A,,1,1,divaromas2006
"=HYPERLINK(""https://youtu.be/KznRxvs7ut4"", ""Link"")",Kendall Dons Wire to Trap Ricky,14:59,AMC,05/02/2011,A,,1,1,divaromas2006
"=HYPERLINK(""https://youtu.be/nDWJIwjtJ0g"", ""Link"")",Kendall Risks Danger to Honor Zach,14:16,AMC,05/03/2011,A,,1,1,divaromas2006
"=HYPERLINK(""https://youtu.be/vvh2GIld2m8"", ""Link"")",Scott and Madison Make Love.wmv,9:54,AMC,05/05/2011,A,,1,1,divaromas2006
"=HYPERLINK(""https://youtu.be/jKH_ZSM_CSg"", ""Link"")",Kendall Tunes Griffen Out!,8:57,AMC,05/06/2011,A,,1,1,divaromas2006
"=HYPERLINK(""https://youtu.be/hQBKtB7-NUo"", ""Link"")",Minx AMC,05:11,AMC,05/09/2011,A,,1,1,amcsoapfan2004
"=HYPERLINK(""https://youtu.be/r71Ga-sPgnY"", ""Link"")",Kendall has a Close Call With Ricky,12:37,AMC,05/09/2011,A,,1,1,divaromas2006
"=HYPERLINK(""https://youtu.be/XFIM5lnR8jk"", ""Link"")",Minx AMC,06:50,AMC,05/10/2011,A,,1,1,amcsoapfan2004
"=HYPERLINK(""https://youtu.be/YnarCQROn6I"", ""Link"")",Ricky Makes Plans to Marry Kendall,10:11,AMC,05/10/2011,A,,1,1,divaromas2006
"=HYPERLINK(""https://youtu.be/hghczhGJJgA"", ""Link"")",Kendall Learns That Erica Was Kidnapped,8:21,AMC,05/13/2011,A,,1,1,divaromas2006
"=HYPERLINK(""https://youtu.be/NZeXhPn_yYM"", ""Link"")",Minx AMC,05:44,AMC,05/16/2011,A,,1,1,amcsoapfan2004
"=HYPERLINK(""https://youtu.be/nsk13PtbWqk"", ""Link"")",Kendall Learns What is on Ricky's Computer and That Erica (Jane) Was Found,14:54,AMC,05/16/2011,A,,1,1,divaromas2006
"=HYPERLINK(""https://youtu.be/7N7qpVO-4lY"", ""Link"")",Minx AMC,07:03,AMC,05/17/2011,A,,1,1,amcsoapfan2004
"=HYPERLINK(""https://youtu.be/tvpxU9dMmJQ"", ""Link"")",Ricky Proposes to Kendall,10:10,AMC,05/17/2011,A,,1,1,divaromas2006
"=HYPERLINK(""https://youtu.be/_nGHrvzBEW0"", ""Link"")",Kendall Questions Ricky About his Background,14:23,AMC,05/18/2011,A,,1,1,divaromas2006
"=HYPERLINK(""https://youtu.be/yE3KfpMY3Mk"", ""Link"")",Kendall Copies Hard Drive of Ricky's Computer,14:06,AMC,05/20/2011,A,,1,1,divaromas2006
"=HYPERLINK(""https://youtu.be/-NNzC-UOiSU"", ""Link"")",Minx Amc,14:21,AMC,05/23/2011,A,,1,1,amcsoapfan2004
"=HYPERLINK(""https://youtu.be/TDnlBs_5zr0"", ""Link"")",Faux-Erica and Ricky Set Up Surprise Wedding Ceremony For Kendall,15:05,AMC,05/23/2011,A,,1,1,divaromas2006
"=HYPERLINK(""https://youtu.be/SADUdOXRNTQ"", ""Link"")",Kendall Stops Her Surprise Wedding to Ricky,14:46,AMC,05/24/2011,A,,1,1,divaromas2006
"=HYPERLINK(""https://youtu.be/KBZlnI2zBwc"", ""Link"")",Minx AMC,10:07,AMC,05/25/2011,A,,1,1,amcsoapfan2004
"=HYPERLINK(""https://youtu.be/xnjQc6Fp93s"", ""Link"")",Kendall Prepares For Final Showdown With Ricky,13:15,AMC,05/25/2011,A,,1,1,divaromas2006
"=HYPERLINK(""https://youtu.be/l3FvkrBMI20"", ""Link"")",Minx AMC,10:47,AMC,05/26/2011,A,,1,1,amcsoapfan2004
"=HYPERLINK(""https://youtu.be/443Vopv2v1k"", ""Link"")",Kendall Makes Ricky Confess He Killed Zach,16:07,AMC,05/26/2011,A,,1,1,divaromas2006
"=HYPERLINK(""https://youtu.be/ICLGv3BHnWU"", ""Link"")",Minx AMC,08:45,AMC,05/27/2011,A,,1,1,amcsoapfan2004
"=HYPERLINK(""https://youtu.be/5s0H6Bg1u0Q"", ""Link"")",Kendall's Showdown With Ricky,15:13,AMC,05/27/2011,A,,1,1,divaromas2006
"=HYPERLINK(""https://youtu.be/VrQo3lT3zog"", ""Link"")",Minx AMC,05:04,AMC,05/31/2011,A,,1,1,amcsoapfan2004
"=HYPERLINK(""https://youtu.be/OC3KEQLGoRg"", ""Link"")",Bianca Urges Kendall to let Go,12:45,AMC,05/31/2011,A,,1,1,divaromas2006
"=HYPERLINK(""https://youtu.be/fCgR5fliITY"", ""Link"")",Minx AMC,08:19,AMC,06/02/2011,A,,1,1,amcsoapfan2004
"=HYPERLINK(""https://youtu.be/-q2NHZUvYKE"", ""Link"")",Kendall Will Never Love Another Man Other Than Zach,9:38,AMC,06/02/2011,A,,1,1,divaromas2006
"=HYPERLINK(""https://youtu.be/HaWndEgFhl4"", ""Link"")",Kendall and Tad.... Heart to Heart,07:24,AMC,06/03/2011,A,,1,1,divaromas2006
"=HYPERLINK(""https://youtu.be/12Z_NGROY1k"", ""Link"")",Kendall Wants To Fulfill Zach's Dream,06:54,AMC,06/06/2011,A,,1,1,divaromas2006
"=HYPERLINK(""https://youtu.be/I4O1HH9d0mM"", ""Link"")",Kendall to Build MC Clinics to Complete Zach's Dream,08:13,AMC,06/07/2011,A,,1,1,divaromas2006
"=HYPERLINK(""https://youtu.be/cVf7kSUh0Og"", ""Link"")",Minx AMC,14:01,AMC,06/08/2011,A,,1,1,amcsoapfan2004
"=HYPERLINK(""https://youtu.be/eTBDLW2DrXg"", ""Link"")",Minx AMC,08:53,AMC,06/09/2011,A,,1,1,amcsoapfan2004
"=HYPERLINK(""https://youtu.be/VAcKz_x6jDo"", ""Link"")",Bianca Admits to Kendall That She is in Love with Marissa,10:24,AMC,06/09/2011,A,,1,1,divaromas2006
"=HYPERLINK(""https://youtu.be/azWJzPSgssk"", ""Link"")",Minx AMC,13:41,AMC,06/10/2011,A,,1,1,amcsoapfan2004
"=HYPERLINK(""https://youtu.be/UF8FaAxVN_8"", ""Link"")",Kendall Urges Bianca to Tell Marissa About Her Feelings,12:02,AMC,06/10/2011,A,,1,1,divaromas2006
"=HYPERLINK(""https://youtu.be/SzfBvr3jhH4"", ""Link"")",Minx AMC,8:32,AMC,06/13/2011,A,,1,1,amcsoapfan2004
"=HYPERLINK(""https://youtu.be/XaxlbSDkvYE"", ""Link"")",Kendall and Bianca Attempt a Jane/Erica Intervention,9:17,AMC,06/13/2011,A,,1,1,divaromas2006
"=HYPERLINK(""https://youtu.be/5Gj3mgqm4eU"", ""Link"")",Minx AMC,08:54,AMC,06/15/2011,A,,1,1,amcsoapfan2004
"=HYPERLINK(""https://youtu.be/SUX3Ijkp32c"", ""Link"")",Minx AMC,8:46,AMC,06/16/2011,A,,1,1,amcsoapfan2004
"=HYPERLINK(""https://youtu.be/yP-xlMxAemw"", ""Link"")",Minx Amc,6:24,AMC,06/17/2011,A,,1,1,amcsoapfan2004
"=HYPERLINK(""https://youtu.be/Vz-zeK9sGO8"", ""Link"")",Make Overs and Sex...Not for Me?!,10:37,AMC,06/19/2011,A,,1,1,retrobinxmontgomery
"=HYPERLINK(""https://youtu.be/BWNbqruxC5M"", ""Link"")",Meeting Greenlee and Leo,06:15,AMC,06/19/2011,A,,1,1,retrobinxmontgomery
"=HYPERLINK(""https://youtu.be/y8tWoald_4s"", ""Link"")",Bianca Coming Home From Rehab,8:24,AMC,06/19/2011,A,,1,1,retrobinxmontgomery
"=HYPERLINK(""https://youtu.be/4o5KtuOge50"", ""Link"")",Getting Acquainted at S.O.S,12:23,AMC,06/19/2011,A,P_2d63cec0,1,2,retrobinxmontgomery
"=HYPERLINK(""https://youtu.be/EkguaUvLoqk"", ""Link"")",Getting Acquainted at S.O.S,9:48,AMC,06/19/2011,A,P_2d63cec0,2,2,retrobinxmontgomery
"=HYPERLINK(""https://youtu.be/qdIHX2RVzjc"", ""Link"")",Erica Kane and Travis Montgomery 2nd Wedding,13:50,AMC,06/19/2011,A,P_db0bb6dd,1,2,retrobinxmontgomery
"=HYPERLINK(""https://youtu.be/O_IT-NVcpf4"", ""Link"")",Erica Kane and Travis Montgomery 2nd Wedding,11:59,AMC,06/19/2011,A,P_db0bb6dd,2,2,retrobinxmontgomery
"=HYPERLINK(""https://youtu.be/vrRMG7x3pAM"", ""Link"")",Minx AMC,13:07,AMC,06/20/2011,A,,1,1,amcsoapfan2004
"=HYPERLINK(""https://youtu.be/RCcGFRf97Ss"", ""Link"")",Minx,07:49,AMC,06/22/2011,A,,1,1,amcsoapfan2004
"=HYPERLINK(""https://youtu.be/9S298u2Dr38"", ""Link"")",Kendall and David Reach an Understanding,6:16,AMC,06/22/2011,A,,1,1,divaromas2006
"=HYPERLINK(""https://youtu.be/qlWo4YZ6Bsw"", ""Link"")",Kendall Finds a Dazed Madison in the Park,6:22,AMC,06/23/2011,A,,1,1,divaromas2006
"=HYPERLINK(""https://youtu.be/53LgsGH--9M"", ""Link"")",Minx AMC,7:19,AMC,06/24/2011,A,,1,1,amcsoapfan2004
"=HYPERLINK(""https://youtu.be/VnbtHsTLVcc"", ""Link"")",Kendall Defends Madison to Greenlee,6:49,AMC,06/24/2011,A,,1,1,divaromas2006
"=HYPERLINK(""https://youtu.be/owyVclVX6Uc"", ""Link"")",Minx AMC,12:17,AMC,06/27/2011,A,,1,1,amcsoapfan2004
"=HYPERLINK(""https://youtu.be/W79jA8uSyPw"", ""Link"")",Minx AMC,8:28,AMC,06/28/2011,A,,1,1,amcsoapfan2004
"=HYPERLINK(""https://youtu.be/mP0Q1lDLwTY"", ""Link"")",Kendall and Bianca Bid Griffen Goodbye,13:33,AMC,06/28/2011,A,,1,1,divaromas2006
"=HYPERLINK(""https://youtu.be/3op_0PDQcXE"", ""Link"")",Kendall at Ryan and Greenlee's Surprise Wedding,13:11,AMC,06/29/2011,A,,1,1,divaromas2006
"=HYPERLINK(""https://youtu.be/Lawbnsp5KBY"", ""Link"")",Minx AMC,05:28,AMC,07/05/2011,A,,1,1,amcsoapfan2004
"=HYPERLINK(""https://youtu.be/rTKHd2nK9GM"", ""Link"")",Kendall is Told that Erica Spent the Night With David,09:16,AMC,07/05/2011,A,,1,1,divaromas2006
"=HYPERLINK(""https://youtu.be/fQQcquRFqfk"", ""Link"")",You're Going to Be the Talk of the Town!,12:19,AMC,07/06/2011,A,,1,1,retrobinxmontgomery
"=HYPERLINK(""https://youtu.be/4jrZIhc-rZ4"", ""Link"")",Minx AMC,11:47,AMC,07/06/2011,A,,1,1,amcsoapfan2004
"=HYPERLINK(""https://youtu.be/QTAtcMWO8hA"", ""Link"")",Minx AMC,15:17,AMC,07/07/2011,A,,1,1,amcsoapfan2004
"=HYPERLINK(""https://youtu.be/--rcNAlhak0"", ""Link"")",Minx AMC,11:13,AMC,07/12/2011,A,,1,1,amcsoapfan2004
"=HYPERLINK(""https://youtu.be/ggC_JWEWjiI"", ""Link"")","Bianca Montgomery -I'm Not Like You, Mom!",15:12,AMC,07/13/2011,A,,1,1,retrobinxmontgomery
"=HYPERLINK(""https://youtu.be/ReXrikh-jU0"", ""Link"")",Kendall Recaps Bianca's Gaydar,0:38,AMC,07/13/2011,A,,1,1,amcsoapfan2004
"=HYPERLINK(""https://youtu.be/LBWUG5pveSU"", ""Link"")",Minx AMC,10:30,AMC,07/13/2011,A,,1,1,amcsoapfan2004
"=HYPERLINK(""https://youtu.be/ctVVfqiku9E"", ""Link"")",Hiding Greenlee in the Laundry Room,08:49,AMC,07/14/2011,A,,1,1,retrobinxmontgomery
"=HYPERLINK(""https://youtu.be/idIAKqgY-VM"", ""Link"")",Stalling Erica,9:02,AMC,07/14/2011,A,,1,1,retrobinxmontgomery
"=HYPERLINK(""https://youtu.be/z1cHIDlTmmg"", ""Link"")",I Am So Proud of You,07:42,AMC,07/14/2011,A,,1,1,retrobinxmontgomery
"=HYPERLINK(""https://youtu.be/BCMxwG3wXzM"", ""Link"")",Choosing Party Dresses,10:03,AMC,07/14/2011,A,,1,1,retrobinxmontgomery
"=HYPERLINK(""https://youtu.be/qrd77r2Vhk0"", ""Link"")",Minx AMC,9:11,AMC,07/14/2011,A,,1,1,amcsoapfan2004
"=HYPERLINK(""https://youtu.be/QsUIGgZgC_Q"", ""Link"")",Travis is Dead,09:44,AMC,07/14/2011,A,P_3bd622fc,1,2,retrobinxmontgomery
"=HYPERLINK(""https://youtu.be/NLtt-EMVE_Y"", ""Link"")",Travis is Dead,08:23,AMC,07/14/2011,A,P_3bd622fc,2,2,retrobinxmontgomery
"=HYPERLINK(""https://youtu.be/RZGiOwSraK4"", ""Link"")",I Really Do Love My Mom,11:00,AMC,07/14/2011,A,P_9caec693,1,2,retrobinxmontgomery
"=HYPERLINK(""https://youtu.be/pz_7aDd19Nw"", ""Link"")",I Really Do Love My Mom,7:01,AMC,07/14/2011,A,P_9caec693,2,2,retrobinxmontgomery
"=HYPERLINK(""https://youtu.be/ke2DtbztKmA"", ""Link"")",Let the Party Begin,13:59,AMC,07/14/2011,A,P_b4ff1a64,1,3,retrobinxmontgomery
"=HYPERLINK(""https://youtu.be/lnAoIMaN7eM"", ""Link"")",Let the Party Begin,15:01,AMC,07/14/2011,A,P_b4ff1a64,2,3,retrobinxmontgomery
"=HYPERLINK(""https://youtu.be/f_brbgLW0tI"", ""Link"")",Let the Party Begin,14:56,AMC,07/14/2011,A,P_b4ff1a64,3,3,retrobinxmontgomery
"=HYPERLINK(""https://youtu.be/BrSa9_gDSvo"", ""Link"")",PV High School Hallowen Dance 2000,08:43,AMC,07/15/2011,A,,1,1,retrobinxmontgomery
"=HYPERLINK(""https://youtu.be/snA3Jd0Eck4"", ""Link"")",Celebrating Mr. and Miss Enchantment,8:10,AMC,07/15/2011,A,,1,1,retrobinxmontgomery
"=HYPERLINK(""https://youtu.be/R5jmVu12bJU"", ""Link"")",She Had No Right to Say Anything!,09:59,AMC,07/16/2011,A,,1,1,retrobinxmontgomery
"=HYPERLINK(""https://youtu.be/KUiROsKcAIs"", ""Link"")",You  Don't Know the 1st Thing About Bianca?,08:37,AMC,07/16/2011,A,,1,1,retrobinxmontgomery
"=HYPERLINK(""https://youtu.be/jw-xt-BVQzU"", ""Link"")",Erica Kane's Daughter...is GAY!,06:45,AMC,07/16/2011,A,,1,1,retrobinxmontgomery
"=HYPERLINK(""https://youtu.be/mZgoXO-jwBY"", ""Link"")",Bianca Comes Out to Leo,9:27,AMC,07/16/2011,A,P_baac73f8,1,2,retrobinxmontgomery
"=HYPERLINK(""https://youtu.be/umUCUS69dPs"", ""Link"")",Bianca Comes Out to Leo,09:15,AMC,07/16/2011,A,P_baac73f8,2,2,retrobinxmontgomery
"=HYPERLINK(""https://youtu.be/lYwXPq5bDx8"", ""Link"")",Minx AMC,07:14,AMC,07/18/2011,A,,1,1,amcsoapfan2004
"=HYPERLINK(""https://youtu.be/gyV_xonXdRc"", ""Link"")",What if I Jumped Overboard?,11:23,AMC,07/19/2011,A,,1,1,retrobinxmontgomery
"=HYPERLINK(""https://youtu.be/4fDRpVagYdM"", ""Link"")",The Jealousy Plot on the Yacht,12:09,AMC,07/19/2011,A,,1,1,retrobinxmontgomery
"=HYPERLINK(""https://youtu.be/MrL1OlZ2xdM"", ""Link"")",Minx AMC,02:58,AMC,07/19/2011,A,,1,1,amcsoapfan2004
"=HYPERLINK(""https://youtu.be/Sn29b49yayU"", ""Link"")",Zach is Very Much Alive in Kendall's Heart,9:54,AMC,07/19/2011,A,,1,1,divaromas2006
"=HYPERLINK(""https://youtu.be/mWzFQ4NY6e8"", ""Link"")",Bianca Sees Greenlee Push Laura Overboard,6:51,AMC,07/19/2011,A,P_7cf29614,1,2,retrobinxmontgomery
"=HYPERLINK(""https://youtu.be/DYzZPkPLPVQ"", ""Link"")",Bianca Sees Greenlee Push Laura Overboard,10:04,AMC,07/19/2011,A,P_7cf29614,2,2,retrobinxmontgomery
"=HYPERLINK(""https://youtu.be/g5Br6qhhOzk"", ""Link"")",Its Very Clear Bianca is Struggling,5:04,AMC,07/20/2011,A,,1,1,retrobinxmontgomery
"=HYPERLINK(""https://youtu.be/98Tq4XK5L6k"", ""Link"")",And So It Begins...,8:16,AMC,07/20/2011,A,,1,1,retrobinxmontgomery
"=HYPERLINK(""https://youtu.be/85kbOHjrw-4"", ""Link"")",You Need to Take a Stand!,06:02,AMC,07/20/2011,A,,1,1,retrobinxmontgomery
"=HYPERLINK(""https://youtu.be/Sx9xjWa-uAo"", ""Link"")",Maybe Bianca and Sarah Had a Sexual Encounter,11:04,AMC,07/20/2011,A,,1,1,retrobinxmontgomery
"=HYPERLINK(""https://youtu.be/-bIt139MlHI"", ""Link"")","Bianca, Tell Me What Happened That Night",5:32,AMC,07/20/2011,A,,1,1,retrobinxmontgomery
"=HYPERLINK(""https://youtu.be/-xH1PEPAB50"", ""Link"")",Bianca in Trouble,6:28,AMC,07/20/2011,A,,1,1,retrobinxmontgomery
"=HYPERLINK(""https://youtu.be/TT2ex71V8mE"", ""Link"")",Bianca Montgomery Pushed Laura Overboard?,04:25,AMC,07/20/2011,A,,1,1,retrobinxmontgomery
"=HYPERLINK(""https://youtu.be/csXcxItBua4"", ""Link"")",I Know I was Pushed,12:05,AMC,07/20/2011,A,,1,1,retrobinxmontgomery
"=HYPERLINK(""https://youtu.be/Qx8H3a4yIAw"", ""Link"")",Are You Asking Me to Take Her Out on a Date?,8:24,AMC,07/20/2011,A,,1,1,retrobinxmontgomery
"=HYPERLINK(""https://youtu.be/T-_MBSO4x2g"", ""Link"")","Bianca,Erica and Jack Coming Back from NYC",10:21,AMC,07/20/2011,A,,1,1,retrobinxmontgomery
"=HYPERLINK(""https://youtu.be/-yb2WnASGQ0"", ""Link"")",Bianca/Erica 2000 Promo,00:25,AMC,07/20/2011,B,,1,1,retrobinxmontgomery
"=HYPERLINK(""https://youtu.be/BhIoewZVF3o"", ""Link"")",Uncle Jack Begins to Clue In,4:10,AMC,07/20/2011,A,,1,1,retrobinxmontgomery
"=HYPERLINK(""https://youtu.be/_BygOeusFtY"", ""Link"")",Bianca:The SuperSlut,7:45,AMC,07/20/2011,A,,1,1,retrobinxmontgomery
"=HYPERLINK(""https://youtu.be/fy5ZFzRmAxM"", ""Link"")",Trying to Get to New York,9:36,AMC,07/20/2011,A,,1,1,retrobinxmontgomery
"=HYPERLINK(""https://youtu.be/74vRIkh-jYw"", ""Link"")",Sarah Calls Bianca,08:53,AMC,07/20/2011,A,,1,1,retrobinxmontgomery
"=HYPERLINK(""https://youtu.be/rc5xTuAMq9o"", ""Link"")",Bianca Goes to See Sarah in New York,13:03,AMC,07/20/2011,A,P_8ff4cacc,1,2,retrobinxmontgomery
"=HYPERLINK(""https://youtu.be/rqCDQLEkdTM"", ""Link"")",Bianca Goes to See Sarah in New York,11:51,AMC,07/20/2011,A,P_8ff4cacc,2,2,retrobinxmontgomery
"=HYPERLINK(""https://youtu.be/mJ9U_O1FTSE"", ""Link"")",Sarah Brings a Present for Bianca,13:17,AMC,07/21/2011,A,,1,1,retrobinxmontgomery
"=HYPERLINK(""https://youtu.be/DFjqNh8fbcs"", ""Link"")",Bianca Comes Out to Erica,12:56,AMC,07/21/2011,A,P_f5d81297,1,2,retrobinxmontgomery
"=HYPERLINK(""https://youtu.be/vun4CHypow0"", ""Link"")",Bianca Comes Out to Erica,8:39,AMC,07/21/2011,A,P_f5d81297,2,2,retrobinxmontgomery
"=HYPERLINK(""https://youtu.be/XckUECwZoqQ"", ""Link"")",I Didn't Choose to Be Gay,11:45,AMC,07/22/2011,A,,1,1,retrobinxmontgomery
"=HYPERLINK(""https://youtu.be/PMCar1dm7dg"", ""Link"")",Greenlee Pushed You Off of the Yacht,9:00,AMC,07/22/2011,A,,1,1,retrobinxmontgomery
"=HYPERLINK(""https://youtu.be/2bIGHIXvrt4"", ""Link"")",Myrtle Gives Bianca Advice,07:56,AMC,07/22/2011,A,,1,1,retrobinxmontgomery
"=HYPERLINK(""https://youtu.be/BOLOSyDSW7U"", ""Link"")",It's ALWAYS Barbara's Fault!,8:01,AMC,07/22/2011,A,,1,1,retrobinxmontgomery
"=HYPERLINK(""https://youtu.be/94_FtVRcjrc"", ""Link"")",Minx AMC,14:51,AMC,07/22/2011,A,,1,1,amcsoapfan2004
"=HYPERLINK(""https://youtu.be/_qiOMXnMVEQ"", ""Link"")",Erica Trying to Cover it Up,10:36,AMC,07/23/2011,A,,1,1,retrobinxmontgomery
"=HYPERLINK(""https://youtu.be/DNGXc02UXlo"", ""Link"")",Bianca Tells Leo the Truth About Greenlee,5:24,AMC,07/23/2011,A,,1,1,retrobinxmontgomery
"=HYPERLINK(""https://youtu.be/Qtb-dN6JFJo"", ""Link"")",Bianca Sneaks Raine Into Her House,07:35,AMC,07/25/2011,A,,1,1,retrobinxmontgomery
"=HYPERLINK(""https://youtu.be/nffZcSv9dTs"", ""Link"")",Bianca Skips School w/ Raine,12:17,AMC,07/25/2011,A,,1,1,retrobinxmontgomery
"=HYPERLINK(""https://youtu.be/igXQiYqpTeQ"", ""Link"")",Donald Steele at Pine Valley High School,10:02,AMC,07/25/2011,A,,1,1,retrobinxmontgomery
"=HYPERLINK(""https://youtu.be/8-k_1RjZG3A"", ""Link"")",Its Still Always About Erica,4:39,AMC,07/25/2011,A,,1,1,retrobinxmontgomery
"=HYPERLINK(""https://youtu.be/C0r9nsfgXyo"", ""Link"")",The Crystal Ball Aftermath,08:21,AMC,07/25/2011,A,,1,1,retrobinxmontgomery
"=HYPERLINK(""https://youtu.be/0J2-D6UTQQs"", ""Link"")",It's ALWAYS About Erica,9:53,AMC,07/25/2011,A,,1,1,retrobinxmontgomery
"=HYPERLINK(""https://youtu.be/2Ew9QlDLrXw"", ""Link"")",Bianca is Publicly Outed at the Crystal Ball,12:53,AMC,07/25/2011,A,P_cb3f02f6,1,2,retrobinxmontgomery
"=HYPERLINK(""https://youtu.be/nXZSVCJCl_Q"", ""Link"")",Bianca is Publicly Outed at the Crystal Ball,06:38,AMC,07/25/2011,A,P_cb3f02f6,2,2,retrobinxmontgomery
"=HYPERLINK(""https://youtu.be/xeZdGmIqhu0"", ""Link"")",Erica Pays Raine Off,8:07,AMC,07/26/2011,A,,1,1,retrobinxmontgomery
"=HYPERLINK(""https://youtu.be/6inHOxvxIk4"", ""Link"")",Bianca Attempts to Run Away,08:07,AMC,07/27/2011,A,,1,1,retrobinxmontgomery
"=HYPERLINK(""https://youtu.be/Fmls7K4oJUM"", ""Link"")",Bianca Finds Out About Raine,12:55,AMC,07/27/2011,A,,1,1,retrobinxmontgomery
"=HYPERLINK(""https://youtu.be/XH92RUceq5U"", ""Link"")",Sarah in the Hospital,11:43,AMC,07/27/2011,A,P_1a5c958b,1,2,retrobinxmontgomery
"=HYPERLINK(""https://youtu.be/PfvQWv9UQcg"", ""Link"")",Sarah in the Hospital,11:54,AMC,07/27/2011,A,P_1a5c958b,2,2,retrobinxmontgomery
"=HYPERLINK(""https://youtu.be/5C8vRdQaZx8"", ""Link"")",Bianca Hides Sarah,12:56,AMC,07/27/2011,A,P_2d0b16df,1,2,retrobinxmontgomery
"=HYPERLINK(""https://youtu.be/Dw32uy04Tc0"", ""Link"")",Bianca Hides Sarah,12:25,AMC,07/27/2011,A,P_2d0b16df,2,2,retrobinxmontgomery
"=HYPERLINK(""https://youtu.be/HU48Rns9LD0"", ""Link"")",The Ladies of Oak Haven,7:20,AMC,07/28/2011,A,,1,1,divaromas2006
"=HYPERLINK(""https://youtu.be/L1UE_y5Q7Po"", ""Link"")",Oak Haven's Ladies,13:44,AMC,07/29/2011,A,,1,1,divaromas2006
"=HYPERLINK(""https://youtu.be/skqfu5pKfBI"", ""Link"")",JR Goes in for Questioning,08:02,AMC,07/31/2011,A,,1,1,retrobinxmontgomery
"=HYPERLINK(""https://youtu.be/7gUrADXAt7U"", ""Link"")",Someone Sure Does Seem Guilty,11:44,AMC,07/31/2011,A,,1,1,retrobinxmontgomery
"=HYPERLINK(""https://youtu.be/ychXI8KSBpA"", ""Link"")",Erica Tells Bianca That Frankie's Dead,9:38,AMC,07/31/2011,A,,1,1,retrobinxmontgomery
"=HYPERLINK(""https://youtu.be/LJ4L18rpzKM"", ""Link"")",Why Are You at the Scene of the Crime?,9:06,AMC,07/31/2011,A,,1,1,retrobinxmontgomery
"=HYPERLINK(""https://youtu.be/bdfAy-Fuvo0"", ""Link"")",I Killed Frankie Stone,15:00,AMC,08/01/2011,A,,1,1,retrobinxmontgomery
"=HYPERLINK(""https://youtu.be/p-2a2MdZ0a4"", ""Link"")",Minx AMC,08:31,AMC,08/01/2011,A,,1,1,amcsoapfan2004
"=HYPERLINK(""https://youtu.be/L-M4nifqZC8"", ""Link"")",Kendall Refuses to Believe That Zach May Be Alive,9:34,AMC,08/01/2011,A,,1,1,divaromas2006
"=HYPERLINK(""https://youtu.be/4djg9K3JaCA"", ""Link"")",I Think Bianca Shot Frankie,11:04,AMC,08/02/2011,A,,1,1,retrobinxmontgomery
"=HYPERLINK(""https://youtu.be/7eqXyP0s3Lw"", ""Link"")",I Need to Get My Memory Back,06:19,AMC,08/02/2011,A,,1,1,retrobinxmontgomery
"=HYPERLINK(""https://youtu.be/FpcKfBrXIp8"", ""Link"")",Kendall Tells Ryan to Back Off David,11:39,AMC,08/02/2011,A,,1,1,divaromas2006
"=HYPERLINK(""https://youtu.be/BkKh5yJyjdM"", ""Link"")",Bianca and Leo Talk in the Stables,06:34,AMC,08/03/2011,A,,1,1,retrobinxmontgomery
"=HYPERLINK(""https://youtu.be/6wmCpcplZUA"", ""Link"")",What If Bianca Remembers?,06:14,AMC,08/03/2011,A,,1,1,retrobinxmontgomery
"=HYPERLINK(""https://youtu.be/HJrcFKvnsgs"", ""Link"")",Minx AMC,05:04,AMC,08/03/2011,A,,1,1,amcsoapfan2004
"=HYPERLINK(""https://youtu.be/Pv1wmdLwGL8"", ""Link"")",Erica Tries to Send Bianca Away,07:32,AMC,08/04/2011,A,,1,1,retrobinxmontgomery
"=HYPERLINK(""https://youtu.be/IEPF9_an8z8"", ""Link"")","Yes, I Shot Her!...I Had To",09:17,AMC,08/04/2011,A,,1,1,retrobinxmontgomery
"=HYPERLINK(""https://youtu.be/PubycMM5EQ0"", ""Link"")",Frankie Stone's Murder Trial Begins,12:27,AMC,08/04/2011,A,P_17503cd8,1,3,retrobinxmontgomery
"=HYPERLINK(""https://youtu.be/5OeXlTpcyXE"", ""Link"")",Frankie Stone's Murder Trial Begins,13:56,AMC,08/04/2011,A,P_17503cd8,2,3,retrobinxmontgomery
"=HYPERLINK(""https://youtu.be/vCGJEaKeWiM"", ""Link"")",Frankie Stone's Murder Trial Begins,14:28,AMC,08/04/2011,A,P_17503cd8,3,3,retrobinxmontgomery
"=HYPERLINK(""https://youtu.be/NA7sr35clUs"", ""Link"")",Greenlee and Erica Bond Over Bianca?,03:53,AMC,08/05/2011,A,,1,1,retrobinxmontgomery
"=HYPERLINK(""https://youtu.be/wZ31D87mvB8"", ""Link"")",Bianca and Maggie Try to Reconcile,12:39,AMC,08/05/2011,A,,1,1,retrobinxmontgomery
"=HYPERLINK(""https://youtu.be/TSU5oXK8_JA"", ""Link"")",I'm Staying for My Sister!,04:02,AMC,08/05/2011,A,,1,1,retrobinxmontgomery
"=HYPERLINK(""https://youtu.be/kpz5FHnouAg"", ""Link"")",Bianca and Maggie First Meet,5:59,AMC,08/05/2011,A,,1,1,retrobinxmontgomery
"=HYPERLINK(""https://youtu.be/mjQXr4FhAL8"", ""Link"")",Leo Tries to Comfort Bianca,4:30,AMC,08/05/2011,A,,1,1,retrobinxmontgomery
"=HYPERLINK(""https://youtu.be/Jw2e2HuSOAQ"", ""Link"")","Bianca and Kendall, Kinks Before the Love",4:55,AMC,08/05/2011,A,,1,1,retrobinxmontgomery
"=HYPERLINK(""https://youtu.be/lMLFP6MVe-M"", ""Link"")",Its Never Going to Be Over,12:45,AMC,08/05/2011,A,,1,1,retrobinxmontgomery
"=HYPERLINK(""https://youtu.be/EYYCB7Kp14M"", ""Link"")",Bianca Tries to Get Her Memory Back,04:16,AMC,08/05/2011,A,,1,1,retrobinxmontgomery
"=HYPERLINK(""https://youtu.be/eDi7rqYqiaE"", ""Link"")",Greenlee Sees Leo and Zach,23:35,AMC,08/05/2011,A,,1,1,divaromas2006
"=HYPERLINK(""https://youtu.be/gIjjD8_BfDQ"", ""Link"")","Welcome Back, Zach!!!!",0:16,AMC,08/05/2011,A,,1,1,divaromas2006
"=HYPERLINK(""https://youtu.be/mVT6poEdoJ8"", ""Link"")",Maggie First Arrives to Pine Valley,06:39,AMC,08/05/2011,A,P_02aaad03,1,2,retrobinxmontgomery
"=HYPERLINK(""https://youtu.be/LHWgpa8NRz8"", ""Link"")",Maggie First Arrives to Pine Valley,10:28,AMC,08/05/2011,A,P_02aaad03,2,2,retrobinxmontgomery
"=HYPERLINK(""https://youtu.be/YKf3KlLuwqA"", ""Link"")",Bianca Re-Testifies in Court,11:21,AMC,08/05/2011,A,P_24868568,1,2,retrobinxmontgomery
"=HYPERLINK(""https://youtu.be/1XUqwehoUT4"", ""Link"")",Bianca Re-Testifies in Court,12:43,AMC,08/05/2011,A,P_24868568,2,2,retrobinxmontgomery
"=HYPERLINK(""https://youtu.be/NTPrRgrM9bg"", ""Link"")",Minx AMC,7:36,AMC,08/08/2011,A,,1,1,amcsoapfan2004
"=HYPERLINK(""https://youtu.be/LFauM1bf9pY"", ""Link"")","Tad sees Dixie, Greenlee Attempts to Wake Zach",24:25,AMC,08/08/2011,A,,1,1,divaromas2006
"=HYPERLINK(""https://youtu.be/YCUmpfkYffU"", ""Link"")",Promo Zach and Dixie Return,0:20,AMC,08/08/2011,B,,1,1,divaromas2006
"=HYPERLINK(""https://youtu.be/PscB35vRB3Q"", ""Link"")",Tad and Dixie Reunite!!!!!,14:35,AMC,08/09/2011,A,,1,1,divaromas2006
"=HYPERLINK(""https://youtu.be/xMGA5mzmhxo"", ""Link"")",Zach Wakes Up!!!!,8:07,AMC,08/09/2011,A,,1,1,divaromas2006
"=HYPERLINK(""https://youtu.be/SHWFpQdsYOg"", ""Link"")",Zach Hallucinates that Greenlee is Kendall,12:19,AMC,08/10/2011,A,,1,1,divaromas2006
"=HYPERLINK(""https://youtu.be/ld-Tbh_RrF8"", ""Link"")",Jane Returns to PV,14:54,AMC,08/11/2011,A,,1,1,divaromas2006
"=HYPERLINK(""https://youtu.be/FGAJ67Djk8w"", ""Link"")",Kendall Sees Zach!!!,12:02,AMC,08/12/2011,A,,1,1,divaromas2006
"=HYPERLINK(""https://youtu.be/i0OSp5GADHc"", ""Link"")",Leo Gets Caught Tampering with Evidence,09:08,AMC,08/15/2011,A,,1,1,retrobinxmontgomery
"=HYPERLINK(""https://youtu.be/akcAGE_lnoU"", ""Link"")",Bianca Distracts Jack,10:47,AMC,08/15/2011,A,,1,1,retrobinxmontgomery
"=HYPERLINK(""https://youtu.be/KVLLcddAZcc"", ""Link"")",Zach and Kendall...Together Once Again!!!,12:31,AMC,08/15/2011,A,,1,1,divaromas2006
"=HYPERLINK(""https://youtu.be/6DSCP5pZ1kk"", ""Link"")",Minx AMC,04:56,AMC,08/16/2011,A,,1,1,amcsoapfan2004
"=HYPERLINK(""https://youtu.be/jzofEytTQPw"", ""Link"")","Zendall Reunited...No Beginning, No End, Always",9:27,AMC,08/16/2011,A,,1,1,divaromas2006
"=HYPERLINK(""https://youtu.be/z9RD-EPxl3Q"", ""Link"")",Team Slater Reunited!!!,07:27,AMC,08/17/2011,A,,1,1,divaromas2006
"=HYPERLINK(""https://youtu.be/oNNsGt-EQJI"", ""Link"")",Zach Shares a Secret With Kendall!,11:49,AMC,08/18/2011,A,,1,1,divaromas2006
"=HYPERLINK(""https://youtu.be/nDwQxYwEjIg"", ""Link"")",Minx AMC,03:40,AMC,08/19/2011,A,,1,1,amcsoapfan2004
"=HYPERLINK(""https://youtu.be/yp2CzwZ-lWA"", ""Link"")",Minx AMC,7:27,AMC,08/19/2011,A,,1,1,amcsoapfan2004
"=HYPERLINK(""https://youtu.be/xiINgnNPwqw"", ""Link"")",Zach Tells Ryan that David has His Full Support,9:16,AMC,08/19/2011,A,,1,1,divaromas2006
"=HYPERLINK(""https://youtu.be/I-ShA1HDaKM"", ""Link"")",Minx AMC,05:31,AMC,08/22/2011,A,,1,1,amcsoapfan2004
"=HYPERLINK(""https://youtu.be/q6b5mCUZNfs"", ""Link"")",Zach and Kendall Support David and Project Orpheus,8:55,AMC,08/22/2011,A,,1,1,divaromas2006
"=HYPERLINK(""https://youtu.be/M0cZRIcLxsc"", ""Link"")",Zach Wants David to Trust Him,10:38,AMC,08/23/2011,A,,1,1,divaromas2006
"=HYPERLINK(""https://youtu.be/GrM15hkiwSM"", ""Link"")",MInx AMC,14:31,AMC,08/24/2011,A,,1,1,amcsoapfan2004
"=HYPERLINK(""https://youtu.be/HLLjwUotFlo"", ""Link"")",Erica Visits Zach,06:41,AMC,08/24/2011,A,,1,1,divaromas2006
"=HYPERLINK(""https://youtu.be/Ci9Vk22tBGM"", ""Link"")",Kendall tells me everything,16:15,AMC,08/25/2011,A,,1,1,divaromas2006
"=HYPERLINK(""https://youtu.be/mfFNqT7PKzg"", ""Link"")",Zach Asks Cara to Take Over His Care 2,04:46,AMC,08/26/2011,A,,1,1,divaromas2006
"=HYPERLINK(""https://youtu.be/SqeLka-Nhk8"", ""Link"")",Zach Asks Cara to Take Over his Care,03:38,AMC,08/26/2011,A,,1,1,divaromas2006
"=HYPERLINK(""https://youtu.be/P84YAyfQcm0"", ""Link"")",Minx AMC,12:15,AMC,08/29/2011,A,,1,1,amcsoapfan2004
"=HYPERLINK(""https://youtu.be/gM20y9jknjA"", ""Link"")",Zach Shares Another Secret With Kendall,10:04,AMC,08/30/2011,A,,1,1,divaromas2006
"=HYPERLINK(""https://youtu.be/AJ5LixXkFhk"", ""Link"")",Minx AMC,10:36,AMC,08/31/2011,A,,1,1,amcsoapfan2004
"=HYPERLINK(""https://youtu.be/3LC6RY8-wF8"", ""Link"")",BAM AMC,15:24,AMC,08/31/2011,A,P_3304c9f5,01,72,amcsoapfan2004
"=HYPERLINK(""https://youtu.be/H_gsV6fq6iI"", ""Link"")",BAM AMC,19:28,AMC,08/31/2011,A,P_3304c9f5,02,72,amcsoapfan2004
"=HYPERLINK(""https://youtu.be/JORAuYVD-_E"", ""Link"")",BAM AMC,15:41,AMC,08/31/2011,A,P_3304c9f5,03,72,amcsoapfan2004
"=HYPERLINK(""https://youtu.be/nnhfqbBCMj4"", ""Link"")",BAM AMC,22:46,AMC,08/31/2011,A,P_3304c9f5,04,72,amcsoapfan2004
"=HYPERLINK(""https://youtu.be/sRqN5FbfwlM"", ""Link"")",BAM AMC,19:00,AMC,08/31/2011,A,P_3304c9f5,05,72,amcsoapfan2004
"=HYPERLINK(""https://youtu.be/oDMfyexwP5g"", ""Link"")",BAM AMC,17:08,AMC,08/31/2011,A,P_3304c9f5,06,72,amcsoapfan2004
"=HYPERLINK(""https://youtu.be/nWApr7AOeb0"", ""Link"")",BAM AMC,26:56,AMC,08/31/2011,A,P_3304c9f5,07,72,amcsoapfan2004
"=HYPERLINK(""https://youtu.be/mht_hVkI_Dw"", ""Link"")",BAM AMC,23:53,AMC,08/31/2011,A,P_3304c9f5,08,72,amcsoapfan2004
"=HYPERLINK(""https://youtu.be/E727HK5xLfU"", ""Link"")",BAM AMC,20:39,AMC,08/31/2011,A,P_3304c9f5,09,72,amcsoapfan2004
"=HYPERLINK(""https://youtu.be/GDuNcCkoDbM"", ""Link"")",BAM AMC,11:30,AMC,08/31/2011,A,P_3304c9f5,10,72,amcsoapfan2004
"=HYPERLINK(""https://youtu.be/3Yij1qReZbQ"", ""Link"")",BAM AMC,26:10,AMC,08/31/2011,A,P_3304c9f5,11,72,amcsoapfan2004
"=HYPERLINK(""https://youtu.be/NhAaKWoZ4k0"", ""Link"")",BAM AMC,17:31,AMC,08/31/2011,A,P_3304c9f5,12,72,amcsoapfan2004
"=HYPERLINK(""https://youtu.be/mU_hrtax4p4"", ""Link"")",BAM AMC,25:01,AMC,08/31/2011,A,P_3304c9f5,13,72,amcsoapfan2004
"=HYPERLINK(""https://youtu.be/eLFMQqDQzRs"", ""Link"")",BAM AMC,33:26,AMC,08/31/2011,A,P_3304c9f5,14,72,amcsoapfan2004
"=HYPERLINK(""https://youtu.be/R4iqKHwwSkM"", ""Link"")",BAM AMC,30:40,AMC,08/31/2011,A,P_3304c9f5,15,72,amcsoapfan2004
"=HYPERLINK(""https://youtu.be/cAzM3UZsGtk"", ""Link"")",BAM AMC,28:08,AMC,08/31/2011,A,P_3304c9f5,16,72,amcsoapfan2004
"=HYPERLINK(""https://youtu.be/3DltY-vBgak"", ""Link"")",BAM AMC,28:52,AMC,08/31/2011,A,P_3304c9f5,17,72,amcsoapfan2004
"=HYPERLINK(""https://youtu.be/Ghz3nAzf8j8"", ""Link"")",BAM AMC,31:41,AMC,08/31/2011,A,P_3304c9f5,18,72,amcsoapfan2004
"=HYPERLINK(""https://youtu.be/EEMgV4038vI"", ""Link"")",BAM AMC,30:15,AMC,08/31/2011,A,P_3304c9f5,19,72,amcsoapfan2004
"=HYPERLINK(""https://youtu.be/WQ9KFAGO-C4"", ""Link"")",BAM AMC,18:48,AMC,08/31/2011,A,P_3304c9f5,20,72,amcsoapfan2004
"=HYPERLINK(""https://youtu.be/JHWK-E5PpNo"", ""Link"")",BAM AMC,23:56,AMC,08/31/2011,A,P_3304c9f5,21,72,amcsoapfan2004
"=HYPERLINK(""https://youtu.be/XNYrKtdeyWc"", ""Link"")",BAM AMC,30:31,AMC,08/31/2011,A,P_3304c9f5,22,72,amcsoapfan2004
"=HYPERLINK(""https://youtu.be/ZNHmBddiwzY"", ""Link"")",BAM AMC,31:34,AMC,08/31/2011,A,P_3304c9f5,23,72,amcsoapfan2004
"=HYPERLINK(""https://youtu.be/u0b9S6n1dL0"", ""Link"")",BAM AMC,26:15,AMC,08/31/2011,A,P_3304c9f5,24,72,amcsoapfan2004
"=HYPERLINK(""https://youtu.be/GFr6q3vLbRg"", ""Link"")",BAM AMC,28:07,AMC,08/31/2011,A,P_3304c9f5,25,72,amcsoapfan2004
"=HYPERLINK(""https://youtu.be/-eaSAhVmP0k"", ""Link"")",BAM AMC,30:31,AMC,08/31/2011,A,P_3304c9f5,26,72,amcsoapfan2004
"=HYPERLINK(""https://youtu.be/7A4aEF2aE3I"", ""Link"")",BAM AMC,15:16,AMC,08/31/2011,A,P_3304c9f5,27,72,amcsoapfan2004
"=HYPERLINK(""https://youtu.be/Q6OFTf_DtrI"", ""Link"")",BAM AMC,26:15,AMC,08/31/2011,A,P_3304c9f5,28,72,amcsoapfan2004
"=HYPERLINK(""https://youtu.be/bF566YD9IP4"", ""Link"")",BAM AMC,29:28,AMC,08/31/2011,A,P_3304c9f5,29,72,amcsoapfan2004
"=HYPERLINK(""https://youtu.be/CMi8mhWAEI4"", ""Link"")",BAM AMC,32:09,AMC,08/31/2011,A,P_3304c9f5,30,72,amcsoapfan2004
"=HYPERLINK(""https://youtu.be/h-rIcAdlyFA"", ""Link"")",BAM AMC,35:26,AMC,08/31/2011,A,P_3304c9f5,31,72,amcsoapfan2004
"=HYPERLINK(""https://youtu.be/9nxebde0Hl4"", ""Link"")",BAM AMC,34:04,AMC,08/31/2011,A,P_3304c9f5,32,72,amcsoapfan2004
"=HYPERLINK(""https://youtu.be/jJ3T2PLdxN4"", ""Link"")",BAM AMC,30:05,AMC,08/31/2011,A,P_3304c9f5,33,72,amcsoapfan2004
"=HYPERLINK(""https://youtu.be/FdTYJqcDdEQ"", ""Link"")",BAM AMC,25:02,AMC,08/31/2011,A,P_3304c9f5,34,72,amcsoapfan2004
"=HYPERLINK(""https://youtu.be/C-0_8VO_UeM"", ""Link"")",BAM AMC,31:52,AMC,08/31/2011,A,P_3304c9f5,35,72,amcsoapfan2004
"=HYPERLINK(""https://youtu.be/09AWl1lv88A"", ""Link"")",BAM AMC,28:34,AMC,08/31/2011,A,P_3304c9f5,36,72,amcsoapfan2004
"=HYPERLINK(""https://youtu.be/QnbDBcFgnNs"", ""Link"")",BAM AMC,35:00,AMC,08/31/2011,A,P_3304c9f5,37,72,amcsoapfan2004
"=HYPERLINK(""https://youtu.be/ORvMOBOonp8"", ""Link"")",BAM AMC,29:30,AMC,08/31/2011,A,P_3304c9f5,38,72,amcsoapfan2004
"=HYPERLINK(""https://youtu.be/RIzYwkOHy_4"", ""Link"")",BAM AMC,32:10,AMC,08/31/2011,A,P_3304c9f5,39,72,amcsoapfan2004
"=HYPERLINK(""https://youtu.be/-dKosCkvrUg"", ""Link"")",BAM AMC,32:07,AMC,08/31/2011,A,P_3304c9f5,40,72,amcsoapfan2004
"=HYPERLINK(""https://youtu.be/T2R2_l4MCQM"", ""Link"")",BAM AMC,38:54,AMC,08/31/2011,A,P_3304c9f5,41,72,amcsoapfan2004
"=HYPERLINK(""https://youtu.be/sR_JMRJ-oio"", ""Link"")",BAM AMC,31:40,AMC,08/31/2011,A,P_3304c9f5,42,72,amcsoapfan2004
"=HYPERLINK(""https://youtu.be/lhype3HmQoQ"", ""Link"")",BAM AMC,29:42,AMC,08/31/2011,A,P_3304c9f5,43,72,amcsoapfan2004
"=HYPERLINK(""https://youtu.be/KUtZ6NGG1aI"", ""Link"")",BAM AMC,30:40,AMC,08/31/2011,A,P_3304c9f5,44,72,amcsoapfan2004
"=HYPERLINK(""https://youtu.be/Vz5rNk3BxLA"", ""Link"")",BAM AMC,25:39,AMC,08/31/2011,A,P_3304c9f5,45,72,amcsoapfan2004
"=HYPERLINK(""https://youtu.be/RLjOSuV-Nmo"", ""Link"")",BAM AMC,35:52,AMC,08/31/2011,A,P_3304c9f5,46,72,amcsoapfan2004
"=HYPERLINK(""https://youtu.be/HUtdqZi9qHg"", ""Link"")",BAM AMC,32:41,AMC,08/31/2011,A,P_3304c9f5,47,72,amcsoapfan2004
"=HYPERLINK(""https://youtu.be/EBh-NWmbIAQ"", ""Link"")",BAM AMC,33:24,AMC,08/31/2011,A,P_3304c9f5,48,72,amcsoapfan2004
"=HYPERLINK(""https://youtu.be/7sITVXEbKwI"", ""Link"")",BAM AMC,30:22,AMC,08/31/2011,A,P_3304c9f5,49,72,amcsoapfan2004
"=HYPERLINK(""https://youtu.be/bvYpMvRwejY"", ""Link"")",BAM AMC,32:58,AMC,08/31/2011,A,P_3304c9f5,50,72,amcsoapfan2004
"=HYPERLINK(""https://youtu.be/llQ0AdiNChc"", ""Link"")",BAM AMC,31:13,AMC,08/31/2011,A,P_3304c9f5,51,72,amcsoapfan2004
"=HYPERLINK(""https://youtu.be/p8liMHqFdc4"", ""Link"")",BAM AMC,31:02,AMC,08/31/2011,A,P_3304c9f5,52,72,amcsoapfan2004
"=HYPERLINK(""https://youtu.be/MkUgoBpB1mU"", ""Link"")",BAM AMC,34:44,AMC,08/31/2011,A,P_3304c9f5,53,72,amcsoapfan2004
"=HYPERLINK(""https://youtu.be/x81rZkXdFfA"", ""Link"")",BAM AMC,36:53,AMC,08/31/2011,A,P_3304c9f5,54,72,amcsoapfan2004
"=HYPERLINK(""https://youtu.be/YQIMO8chxzQ"", ""Link"")",BAM AMC,41:11,AMC,08/31/2011,A,P_3304c9f5,55,72,amcsoapfan2004
"=HYPERLINK(""https://youtu.be/OfhRnxvNRGo"", ""Link"")",BAM AMC,35:32,AMC,08/31/2011,A,P_3304c9f5,56,72,amcsoapfan2004
"=HYPERLINK(""https://youtu.be/MXG_vxaEof4"", ""Link"")",BAM AMC,34:24,AMC,08/31/2011,A,P_3304c9f5,57,72,amcsoapfan2004
"=HYPERLINK(""https://youtu.be/6cZjNKF8oPE"", ""Link"")",BAM AMC,43:43,AMC,08/31/2011,A,P_3304c9f5,58,72,amcsoapfan2004
"=HYPERLINK(""https://youtu.be/G2NqrmjWnuE"", ""Link"")",BAM AMC,13:54,AMC,08/31/2011,A,P_3304c9f5,59,72,amcsoapfan2004
"=HYPERLINK(""https://youtu.be/VwXavQ3047g"", ""Link"")",BAM AMC,39:19,AMC,08/31/2011,A,P_3304c9f5,60,72,amcsoapfan2004
"=HYPERLINK(""https://youtu.be/9qP6zpYtKl8"", ""Link"")",BAM AMC,44:59,AMC,08/31/2011,A,P_3304c9f5,61,72,amcsoapfan2004
"=HYPERLINK(""https://youtu.be/yAdIjItLmpg"", ""Link"")",BAM AMC,36:40,AMC,08/31/2011,A,P_3304c9f5,62,72,amcsoapfan2004
"=HYPERLINK(""https://youtu.be/Eo9TsRuOwVY"", ""Link"")",BAM AMC,42:14,AMC,08/31/2011,A,P_3304c9f5,63,72,amcsoapfan2004
"=HYPERLINK(""https://youtu.be/1jP7DHfph3c"", ""Link"")",BAM AMC,36:29,AMC,08/31/2011,A,P_3304c9f5,64,72,amcsoapfan2004
"=HYPERLINK(""https://youtu.be/Bpl9tLfvIMg"", ""Link"")",BAM AMC,33:45,AMC,08/31/2011,A,P_3304c9f5,65,72,amcsoapfan2004
"=HYPERLINK(""https://youtu.be/NzFNL11iVVc"", ""Link"")",BAM AMC,34:26,AMC,08/31/2011,A,P_3304c9f5,66,72,amcsoapfan2004
"=HYPERLINK(""https://youtu.be/U8hUO8rlPyM"", ""Link"")",BAM AMC,37:00,AMC,08/31/2011,A,P_3304c9f5,67,72,amcsoapfan2004
"=HYPERLINK(""https://youtu.be/MWLaE2XJ1fo"", ""Link"")",BAM AMC,25:59,AMC,08/31/2011,A,P_3304c9f5,68,72,amcsoapfan2004
"=HYPERLINK(""https://youtu.be/ycL_y1Npyik"", ""Link"")",BAM AMC,27:08,AMC,08/31/2011,A,P_3304c9f5,69,72,amcsoapfan2004
"=HYPERLINK(""https://youtu.be/Adl93vgiOBk"", ""Link"")",BAM AMC,41:47,AMC,08/31/2011,A,P_3304c9f5,70,72,amcsoapfan2004
"=HYPERLINK(""https://youtu.be/RezQCbglEHo"", ""Link"")",BAM AMC,19:11,AMC,08/31/2011,A,P_3304c9f5,71,72,amcsoapfan2004
"=HYPERLINK(""https://youtu.be/6yn6oNGJNNU"", ""Link"")",BAM AMC,33:43,AMC,08/31/2011,A,P_3304c9f5,72,72,amcsoapfan2004
"=HYPERLINK(""https://youtu.be/pmVjAkw-LHg"", ""Link"")",FAB AMC,12:13,AMC,08/31/2011,A,P_b7c60ee4,01,15,amcsoapfan2004
"=HYPERLINK(""https://youtu.be/UcxSVturXzE"", ""Link"")",FAB AMC,12:44,AMC,08/31/2011,A,P_b7c60ee4,02,15,amcsoapfan2004
"=HYPERLINK(""https://youtu.be/qDUQ0u43XY4"", ""Link"")",FAB AMC,15:21,AMC,08/31/2011,A,P_b7c60ee4,03,15,amcsoapfan2004
"=HYPERLINK(""https://youtu.be/I8wy2YZW9OY"", ""Link"")",FAB AMC,21:24,AMC,08/31/2011,A,P_b7c60ee4,04,15,amcsoapfan2004
"=HYPERLINK(""https://youtu.be/JMjGW-A4yAk"", ""Link"")",FAB AMC,16:10,AMC,08/31/2011,A,P_b7c60ee4,05,15,amcsoapfan2004
"=HYPERLINK(""https://youtu.be/L2WXxBrVLAc"", ""Link"")",FAB AMC,14:13,AMC,08/31/2011,A,P_b7c60ee4,06,15,amcsoapfan2004
"=HYPERLINK(""https://youtu.be/zoBW2ZXNLiU"", ""Link"")",FAB AMC,17:04,AMC,08/31/2011,A,P_b7c60ee4,07,15,amcsoapfan2004
"=HYPERLINK(""https://youtu.be/MkJWJncpmLc"", ""Link"")",FAB AMC,14:41,AMC,08/31/2011,A,P_b7c60ee4,08,15,amcsoapfan2004
"=HYPERLINK(""https://youtu.be/_-6IG_he_5o"", ""Link"")",FAB AMC,17:22,AMC,08/31/2011,A,P_b7c60ee4,09,15,amcsoapfan2004
"=HYPERLINK(""https://youtu.be/dkJwJiUmMDE"", ""Link"")",FAB AMC,18:14,AMC,08/31/2011,A,P_b7c60ee4,10,15,amcsoapfan2004
"=HYPERLINK(""https://youtu.be/pNLdb93EnYA"", ""Link"")",FAB AMC,17:10,AMC,08/31/2011,A,P_b7c60ee4,11,15,amcsoapfan2004
"=HYPERLINK(""https://youtu.be/9jLWnMVeIK8"", ""Link"")",FAB AMC,10:48,AMC,08/31/2011,A,P_b7c60ee4,12,15,amcsoapfan2004
"=HYPERLINK(""https://youtu.be/ZGZtEEGpWHU"", ""Link"")",FAB AMC,16:52,AMC,08/31/2011,A,P_b7c60ee4,13,15,amcsoapfan2004
"=HYPERLINK(""https://youtu.be/pEWzTbrT5Mk"", ""Link"")",FAB AMC,14:43,AMC,08/31/2011,A,P_b7c60ee4,14,15,amcsoapfan2004
"=HYPERLINK(""https://youtu.be/aJs7R7niiT8"", ""Link"")",FAB AMC,24:41,AMC,08/31/2011,A,P_b7c60ee4,15,15,amcsoapfan2004
"=HYPERLINK(""https://youtu.be/nqePKaBQy-U"", ""Link"")",Minx AMC,11:30,AMC,09/01/2011,A,,1,1,amcsoapfan2004
"=HYPERLINK(""https://youtu.be/s5ccqI3dfWA"", ""Link"")",Bianca Coming Out,32:51,AMC,09/01/2011,A,,1,1,amcsoapfan2004
"=HYPERLINK(""https://youtu.be/wTEVoHTms2o"", ""Link"")",Zach Asks Erica to Trust Him,5:04,AMC,09/02/2011,A,,1,1,divaromas2006
"=HYPERLINK(""https://youtu.be/oxoDFQ52i7A"", ""Link"")",In the Hospital After Erica's Attack by Micheal,17:41,AMC,09/03/2011,A,,1,1,retrobinxmontgomery
"=HYPERLINK(""https://youtu.be/dT4dhiDA6kM"", ""Link"")",Kendall Tries to Prove Lena's Innocence,21:32,AMC,09/04/2011,A,,1,1,retrobinxmontgomery
"=HYPERLINK(""https://youtu.be/48EsqZCsc7E"", ""Link"")",Kendall Tells Bianca to Fight For Lena,09:13,AMC,09/04/2011,A,,1,1,retrobinxmontgomery
"=HYPERLINK(""https://youtu.be/FXV10os_Jeo"", ""Link"")",Finding a Donor for Jackson,13:23,AMC,09/04/2011,A,,1,1,retrobinxmontgomery
"=HYPERLINK(""https://youtu.be/W8ciQhNEMJg"", ""Link"")","Zendall: Always, Only You",7:35,AMC,09/06/2011,A,,1,1,divaromas2006
"=HYPERLINK(""https://youtu.be/0oRlvCcrKj0"", ""Link"")",The New Addition to the Kane Family,8:59,AMC,09/07/2011,A,,1,1,retrobinxmontgomery
"=HYPERLINK(""https://youtu.be/Glzc9RdQJgQ"", ""Link"")",Brot Hauls Zach and Ryan Into the Police Station,07:50,AMC,09/07/2011,A,,1,1,divaromas2006
"=HYPERLINK(""https://youtu.be/UNa26W0Xrww"", ""Link"")",A Tribute to Mary Fickett,04:41,AMC,09/08/2011,A,,1,1,ackgh73994
"=HYPERLINK(""https://youtu.be/_u9kmOD2V4Y"", ""Link"")",Project Orpheus...Nothing Is As It Appears,11:34,AMC,09/09/2011,A,,1,1,divaromas2006
"=HYPERLINK(""https://youtu.be/Z-8P1MIxhg0"", ""Link"")",Promo,00:31,AMC,09/12/2011,B,,1,1,divaromas2006
"=HYPERLINK(""https://youtu.be/qzh_JF9sMoI"", ""Link"")",Zach Unmasks David,13:23,AMC,09/12/2011,A,,1,1,divaromas2006
"=HYPERLINK(""https://youtu.be/aMF49J1Y_nM"", ""Link"")",Greenlee Shares Her Fears With Kendall,08:40,AMC,09/13/2011,A,,1,1,divaromas2006
"=HYPERLINK(""https://youtu.be/dKoyNZnIxLw"", ""Link"")",Zendall Magic is Back!!!,5:37,AMC,09/16/2011,A,,1,1,divaromas2006
"=HYPERLINK(""https://youtu.be/ua3YDbY2m34"", ""Link"")",Good Night Pine Valley,15:23,AMC,09/17/2011,A,,1,1,divaromas2006
"=HYPERLINK(""https://youtu.be/TSar9TDjwyw"", ""Link"")",MInx AMC,21:51,AMC,09/19/2011,A,,1,1,amcsoapfan2004
"=HYPERLINK(""https://youtu.be/0bYABXcICGs"", ""Link"")",Aftermath of Bianca Coming Out to Erica (Better Quality),13:40,AMC,09/20/2011,A,,1,1,retrobinxmontgomery
"=HYPERLINK(""https://youtu.be/3Nz7pxI8S44"", ""Link"")",Zach and Kendall...Our Family,21:27,AMC,09/20/2011,A,,1,1,divaromas2006
"=HYPERLINK(""https://youtu.be/T-9_2Mbr9xM"", ""Link"")",The Martin's Together Again,18:07,AMC,09/21/2011,A,,1,1,ackgh73994
"=HYPERLINK(""https://youtu.be/ZPVtEVRokdk"", ""Link"")",One More Look at Pine Valley,06:28,AMC,09/22/2011,A,,1,1,divaromas2006
"=HYPERLINK(""https://youtu.be/iGDo0AhOWVs"", ""Link"")",Minx,20:26,AMC,09/23/2011,A,,1,1,amcsoapfan2004
"=HYPERLINK(""https://youtu.be/s7_Zc7j9rSo"", ""Link"")",Farewell Pine Valley....but not Goodbye,16:22,AMC,09/23/2011,A,,1,1,divaromas2006
"=HYPERLINK(""https://youtu.be/h7O3SF8cuB4"", ""Link"")",Tad's Speech on AMC Finale,03:06,AMC,09/23/2011,A,,1,1,obsessedjarlenafan
"=HYPERLINK(""https://youtu.be/pE4xDx5dPMI"", ""Link"")",All My Children Finale Opening Sequence,03:31,AMC,09/23/2011,A,,1,1,obsessedjarlenafan
"=HYPERLINK(""https://youtu.be/4Qalfo3mKCI"", ""Link"")",My Favorite Kane Sister's Moment!,01:07,AMC,10/01/2011,A,,1,1,luvlara
"=HYPERLINK(""https://youtu.be/a6tMAAXkV9k"", ""Link"")",Zendall: Thanksgiving at Fusion 2006,06:49,AMC,11/12/2011,A,,1,1,divaromas2006
"=HYPERLINK(""https://youtu.be/1ugPypIxVWE"", ""Link"")",Satin Slayer Mystery Begins,01:38,AMC,11/19/2011,A,,1,1,divaromas2006
"=HYPERLINK(""https://youtu.be/s6z_P5Rgwjs"", ""Link"")",JR Martinez's  Story on Nightline,7:28,AMC,11/21/2011,A,,1,1,divaromas2006
"=HYPERLINK(""https://youtu.be/u0O0YwynY8A"", ""Link"")",JR and Karina Win DWTS Mirror Ball Trophy,07:13,AMC,11/22/2011,A,,1,1,divaromas2006
"=HYPERLINK(""https://youtu.be/0ZL_roYR6sI"", ""Link"")",JR and Karina on THE VIEW,07:01,AMC,11/23/2011,A,,1,1,divaromas2006
"=HYPERLINK(""https://youtu.be/DZ6ycjvVYSM"", ""Link"")",Zendall: Zach and Kendall Buy a House,04:39,AMC,11/23/2011,A,,1,1,divaromas2006
"=HYPERLINK(""https://youtu.be/uYnG11xWGBw"", ""Link"")",Zendall: Simone Dies...,10:27,AMC,11/25/2011,A,,1,1,divaromas2006
"=HYPERLINK(""https://youtu.be/eC4RjvQQzC4"", ""Link"")",Zendall: How did Simone Die?,16:25,AMC,11/26/2011,A,,1,1,divaromas2006
"=HYPERLINK(""https://youtu.be/yivVwTZnG3s"", ""Link"")",Zach and Kendall Comfort Each Other Over Simone's Death,8:13,AMC,12/01/2011,A,,1,1,divaromas2006
"=HYPERLINK(""https://youtu.be/m1KM4WUPoGg"", ""Link"")",Kane/Montgomery Christmas 2005,8:16,AMC,12/23/2011,A,,1,1,retrobinxmontgomery
"=HYPERLINK(""https://youtu.be/kJ8cLmCLvAg"", ""Link"")",Saying Good-Bye Zendall Style,0:55,AMC,04/07/2012,A,,1,1,divaromas2006
"=HYPERLINK(""https://youtu.be/XAKJT6RAhlE"", ""Link"")",Zach Kangarooing Ian,08:02,AMC,05/01/2012,A,,1,1,divaromas2006
"=HYPERLINK(""https://youtu.be/rogQa22Kq50"", ""Link"")",Zendall: Home After Tad's Birthday Party,07:01,AMC,05/02/2012,A,,1,1,divaromas2006
"=HYPERLINK(""https://youtu.be/aGkbxpDKO38"", ""Link"")",Zach and Kendall at Tad's Birthday Party,16:51,AMC,05/02/2012,A,,1,1,divaromas2006
"=HYPERLINK(""https://youtu.be/Eo0ZQWqP7yI"", ""Link"")",Zach and Kendall Conflict Over Treating Spike's Deafness,10:05,AMC,05/03/2012,A,,1,1,divaromas2006
"=HYPERLINK(""https://youtu.be/pArpKrV3afI"", ""Link"")",Zendall: Lucky Heels,05:14,AMC,05/03/2012,A,,1,1,divaromas2006
"=HYPERLINK(""https://youtu.be/cT-mteT6ke8"", ""Link"")",Kendall Kangarooing Ian,11:11,AMC,05/05/2012,A,,1,1,divaromas2006
"=HYPERLINK(""https://youtu.be/32eYJ0Icokg"", ""Link"")",Openings,01:30,AMC,05/06/2012,B,,1,1,carmaker1
"=HYPERLINK(""https://youtu.be/l8zvb2kwVlo"", ""Link"")",June 2006 AMC Opening Credits,00:47,AMC,05/06/2012,B,,1,1,carmaker1
"=HYPERLINK(""https://youtu.be/rVroNVP-bdw"", ""Link"")",Zendall: Zach Searches for Paradise,18:26,AMC,05/26/2012,A,,1,1,divaromas2006
"=HYPERLINK(""https://youtu.be/_2q_6ZU2Pwg"", ""Link"")",Zendall: Baby Message T-s,8:48,AMC,06/06/2012,A,,1,1,divaromas2006
"=HYPERLINK(""https://youtu.be/XCSbdLb4P_A"", ""Link"")",Zendall: The Good Stuff....,04:21,AMC,06/21/2012,A,,1,1,divaromas2006
"=HYPERLINK(""https://youtu.be/3MKKugurkRc"", ""Link"")",Kendall's Poem -Zach,00:56,AMC,06/30/2012,A,,1,1,divaromas2006
"=HYPERLINK(""https://youtu.be/0CubNfHBxQ4"", ""Link"")",Zendall: Let's Celebrate Life,05:13,AMC,07/28/2012,A,,1,1,divaromas2006
"=HYPERLINK(""https://youtu.be/V_qWR-aJr7g"", ""Link"")",Sneak Peek at Leo's return,2:26,AMC,08/04/2012,A,,1,1,donna515
"=HYPERLINK(""https://youtu.be/aw7ip-ioNOo"", ""Link"")",Episode,24:03,AMC,03/05/2013,A,,1,1,markanderson
"=HYPERLINK(""https://youtu.be/OUzWvNx2XYQ"", ""Link"")",Episode,26:37,AMC,04/29/2013,A,,1,1,markanderson
"=HYPERLINK(""https://youtu.be/ZZR5XEKgfVY"", ""Link"")",Episode,26:57,AMC,04/30/2013,A,,1,1,markanderson
"=HYPERLINK(""https://youtu.be/zpSfUGJ8B10"", ""Link"")",Episode,25:15,AMC,05/01/2013,A,,1,1,markanderson
"=HYPERLINK(""https://youtu.be/WtWme7O4nPc"", ""Link"")",Episode,25:05,AMC,05/02/2013,A,,1,1,markanderson
"=HYPERLINK(""https://youtu.be/NT9wg-lBBr4"", ""Link"")",Episode,24:24,AMC,05/06/2013,A,,1,1,markanderson
"=HYPERLINK(""https://youtu.be/9a-Bpz4ZgY0"", ""Link"")",Episode,24:59,AMC,05/07/2013,A,,1,1,markanderson
"=HYPERLINK(""https://youtu.be/bJX7dw1PEbw"", ""Link"")",Zendall: Visible Memories,10:46,AMC,05/08/2013,A,,1,1,divaromas2006
"=HYPERLINK(""https://youtu.be/eh4NcXf4fYA"", ""Link"")",Episode,23:40,AMC,05/09/2013,A,,1,1,markanderson
"=HYPERLINK(""https://youtu.be/-y0a28B8-7s"", ""Link"")",Zendall: We're A Team...Equal Partners,12:17,AMC,05/09/2013,A,,1,1,divaromas2006
"=HYPERLINK(""https://youtu.be/V2MccDTJBYc"", ""Link"")",Zendall: Team Slater...Together Every Step of the Way,07:19,AMC,05/09/2013,A,,1,1,divaromas2006
"=HYPERLINK(""https://youtu.be/ZC9VN_SpbkM"", ""Link"")",Episode content,19:42,AMC,05/10/2013,A,,1,1,markanderson
"=HYPERLINK(""https://youtu.be/6hwIUwgnK9c"", ""Link"")",Zendall: Memories in Zhouse,07:20,AMC,05/10/2013,A,,1,1,divaromas2006
"=HYPERLINK(""https://youtu.be/7DVgSEp1k7E"", ""Link"")",Zendall Halloween,9:08,AMC,05/10/2013,A,,1,1,divaromas2006
"=HYPERLINK(""https://youtu.be/4IcBdfZb0qI"", ""Link"")","Zendall:  Team Slater..We're Connected for Life, Always, Only You",08:21,AMC,05/11/2013,A,,1,1,divaromas2006
"=HYPERLINK(""https://youtu.be/SGumNT_fzZQ"", ""Link"")",Zendall: Peace  and  Quiet  and  Secrets,8:22,AMC,05/11/2013,A,,1,1,divaromas2006
"=HYPERLINK(""https://youtu.be/OyVTzJdqLRY"", ""Link"")",Episode,24:54,AMC,05/13/2013,A,,1,1,markanderson
"=HYPERLINK(""https://youtu.be/O3egifnWgxY"", ""Link"")",Episode,24:01,AMC,05/14/2013,A,,1,1,markanderson
"=HYPERLINK(""https://youtu.be/0MSJv4sFUAk"", ""Link"")",Episode,24:23,AMC,05/15/2013,A,,1,1,markanderson
"=HYPERLINK(""https://youtu.be/BcZ8vDf5nkU"", ""Link"")",Episode,23:39,AMC,05/17/2013,A,,1,1,markanderson
"=HYPERLINK(""https://youtu.be/kiwgXAV13p8"", ""Link"")",Episode,24:44,AMC,05/20/2013,A,,1,1,markanderson
"=HYPERLINK(""https://youtu.be/-a1fJqhuD0A"", ""Link"")",AJ and Miranda kiss,4:37,AMC,05/20/2013,A,,1,1,markanderson
"=HYPERLINK(""https://youtu.be/rGUncRukPeE"", ""Link"")",Zendall: Kendall's Goodbye,17:19,AMC,05/21/2013,A,,1,1,divaromas2006
"=HYPERLINK(""https://youtu.be/3zRUFGzL4P0"", ""Link"")",Episode,23:53,AMC,05/22/2013,A,,1,1,markanderson
"=HYPERLINK(""https://youtu.be/5qCz1TyZj_s"", ""Link"")",Episode,24:01,AMC,05/29/2013,A,,1,1,markanderson
"=HYPERLINK(""https://youtu.be/2MNL1WzhK8g"", ""Link"")",Episode,24:53,AMC,06/05/2013,A,,1,1,markanderson
"=HYPERLINK(""https://youtu.be/nVLCmUaY5U4"", ""Link"")",Episode,24:55,AMC,06/10/2013,A,,1,1,markanderson
"=HYPERLINK(""https://youtu.be/Lqui-F3ugVY"", ""Link"")",Episode,25:07,AMC,06/12/2013,A,,1,1,markanderson
"=HYPERLINK(""https://youtu.be/sE9OXPgFMLY"", ""Link"")",Episode content,10:38,AMC,06/14/2013,A,,1,1,markanderson
"=HYPERLINK(""https://youtu.be/3hwHa3XQD_0"", ""Link"")",Episode,24:53,AMC,06/17/2013,A,,1,1,markanderson
"=HYPERLINK(""https://youtu.be/Bgg6Mn8ZuXw"", ""Link"")",Zendall: Zach and Kendall's Love,2:19,AMC,06/18/2013,A,,1,1,divaromas2006
"=HYPERLINK(""https://youtu.be/uQ2ByeB0LIg"", ""Link"")",Episode,25:01,AMC,06/19/2013,A,,1,1,markanderson
"=HYPERLINK(""https://youtu.be/TigMtrNsGiY"", ""Link"")",Episode content,13:34,AMC,06/21/2013,A,,1,1,markanderson
"=HYPERLINK(""https://youtu.be/BGRil9etWHU"", ""Link"")",Episode,24:54,AMC,06/24/2013,A,,1,1,markanderson
"=HYPERLINK(""https://youtu.be/6J6ts9AJQnc"", ""Link"")",Episode,25:01,AMC,06/26/2013,A,,1,1,markanderson
"=HYPERLINK(""https://youtu.be/v9POTNQ8rSs"", ""Link"")",Episode content,13:32,AMC,06/28/2013,A,,1,1,markanderson
"=HYPERLINK(""https://youtu.be/XFVAnHW1iqU"", ""Link"")",Episode content,14:54,AMC,07/01/2013,A,,1,1,markanderson
"=HYPERLINK(""https://youtu.be/XpvEu5tKC9Q"", ""Link"")",Episode,24:52,AMC,07/01/2013,A,,1,1,markanderson
"=HYPERLINK(""https://youtu.be/AaCd-yAz_1U"", ""Link"")",Episode,24:54,AMC,07/01/2013,A,,1,1,markanderson
"=HYPERLINK(""https://youtu.be/JTFSPBM1SYM"", ""Link"")",Episode content,13:26,AMC,07/08/2013,A,,1,1,markanderson
"=HYPERLINK(""https://youtu.be/19IJaM17OMk"", ""Link"")",Episode,25:00,AMC,07/08/2013,A,,1,1,markanderson
"=HYPERLINK(""https://youtu.be/DhMwoBXHYOI"", ""Link"")",Episode,25:01,AMC,07/08/2013,A,,1,1,markanderson
"=HYPERLINK(""https://youtu.be/aHgonpbWNGk"", ""Link"")",Episode content,12:27,AMC,07/15/2013,A,,1,1,markanderson
"=HYPERLINK(""https://youtu.be/OEqTyrn84tE"", ""Link"")",Episode,24:48,AMC,07/15/2013,A,,1,1,markanderson
"=HYPERLINK(""https://youtu.be/6FeXFIQ2sfo"", ""Link"")",Episode,24:21,AMC,07/15/2013,A,,1,1,markanderson
"=HYPERLINK(""https://youtu.be/BAsjmdoVPok"", ""Link"")",Episode content,13:50,AMC,07/22/2013,A,,1,1,markanderson
"=HYPERLINK(""https://youtu.be/BsLR6gLNLMc"", ""Link"")",Episode,24:44,AMC,07/22/2013,A,,1,1,markanderson
"=HYPERLINK(""https://youtu.be/--9TwZzzSC0"", ""Link"")",Episode,23:54,AMC,07/22/2013,A,,1,1,markanderson
"=HYPERLINK(""https://youtu.be/zyNyAkALIoE"", ""Link"")",Episode content,16:15,AMC,07/29/2013,A,,1,1,markanderson
"=HYPERLINK(""https://youtu.be/L8rGnpHcjZg"", ""Link"")",Episode,23:47,AMC,07/29/2013,A,,1,1,markanderson
"=HYPERLINK(""https://youtu.be/aMdxCKwitIg"", ""Link"")",Episode,25:06,AMC,07/29/2013,A,,1,1,markanderson
"=HYPERLINK(""https://youtu.be/8YPJuuvA5KQ"", ""Link"")",David and Erica,3:59,AMC,08/04/2013,A,,1,1,davidericaamc
"=HYPERLINK(""https://youtu.be/oTgBw_g2sbM"", ""Link"")",Episode content,12:15,AMC,08/05/2013,A,,1,1,markanderson
"=HYPERLINK(""https://youtu.be/paE4yPONq4A"", ""Link"")",Episode,24:11,AMC,08/05/2013,A,,1,1,markanderson
"=HYPERLINK(""https://youtu.be/xF4xfedynjw"", ""Link"")",Episode,24:35,AMC,08/05/2013,A,,1,1,markanderson
"=HYPERLINK(""https://youtu.be/_s3db2zslIA"", ""Link"")","David, Erica and Bianca",5:18,AMC,08/06/2013,A,P_02bd5894,1,2,davidericaamc
"=HYPERLINK(""https://youtu.be/ZKD5X1tZ4kg"", ""Link"")","David, Erica and Bianca",2:53,AMC,08/06/2013,A,P_02bd5894,2,2,davidericaamc
"=HYPERLINK(""https://youtu.be/nob_97cbnWY"", ""Link"")",Episode content,14:51,AMC,08/12/2013,A,,1,1,markanderson
"=HYPERLINK(""https://youtu.be/TdLrn5j1doA"", ""Link"")",Episode,24:53,AMC,08/12/2013,A,,1,1,markanderson
"=HYPERLINK(""https://youtu.be/fOQqIH6t81Y"", ""Link"")",Episode,24:56,AMC,08/12/2013,A,,1,1,markanderson
"=HYPERLINK(""https://youtu.be/MVl15SedyAo"", ""Link"")",Episode content,11:17,AMC,08/19/2013,A,,1,1,markanderson
"=HYPERLINK(""https://youtu.be/_Wtz8TAXuq8"", ""Link"")",Episode,24:54,AMC,08/19/2013,A,,1,1,markanderson
"=HYPERLINK(""https://youtu.be/yLaRog2yqS0"", ""Link"")",Episode,25:05,AMC,08/19/2013,A,,1,1,markanderson
"=HYPERLINK(""https://youtu.be/DDUv_vGLPh8"", ""Link"")","The Good, The Bad, The Ugly",0:58,AMC,08/25/2013,A,,1,1,davidericaamc
"=HYPERLINK(""https://youtu.be/wEUF7krIuuo"", ""Link"")",Episode content,17:12,AMC,08/26/2013,A,,1,1,markanderson
"=HYPERLINK(""https://youtu.be/tq8FzRTuRrk"", ""Link"")",Episode,23:25,AMC,08/26/2013,A,,1,1,markanderson
"=HYPERLINK(""https://youtu.be/qg05txWFRrY"", ""Link"")",Episode,24:55,AMC,08/26/2013,A,,1,1,markanderson
"=HYPERLINK(""https://youtu.be/ghd6w_6izkI"", ""Link"")",Episode,27:35,AMC,09/02/2013,A,,1,1,markanderson
"=HYPERLINK(""https://youtu.be/dR5Q_NXmvsw"", ""Link"")",Episode,24:22,AMC,09/02/2013,A,,1,1,markanderson
"=HYPERLINK(""https://youtu.be/xhODR7SyatM"", ""Link"")",Zendall: Thanksgiving Without Zach,16:40,AMC,11/28/2013,A,,1,1,divaromas2006
"=HYPERLINK(""https://youtu.be/Moyuij6-D-Y"", ""Link"")",Hot Chelle Rae,03:40,AMC,09/24/2014,A,,1,1,markanderson
"=HYPERLINK(""https://youtu.be/iAILvvOoiyk"", ""Link"")",MORE WEEK 1 - 2,13:01,AMC,01/01/2017,A,,1,1,amcthroughtheyears
"=HYPERLINK(""https://youtu.be/61W1idykhpY"", ""Link"")",Brooke and Adam Memories,04:45,AMC,01/01/2017,A,,1,1,amcthroughtheyears
